date,sma_crossover_value,sma_crossover_signal,rsi_value,rsi_signal,macd_value,macd_signal,macd_macd,macd_signal_line,bollinger_value,bollinger_signal,bollinger_mid,bollinger_upper,bollinger_lower,volume_spike_value,volume_spike_signal,atr_breakout_value,atr_breakout_signal,atr_breakout_atr,gap_move_value,gap_move_signal
2024-01-01,,0,,0,,0,,,,0,,,,,0,,0,,,0
2024-01-02,,0,,0,,0,,,,0,,,,,0,,0,,0.0,0
2024-01-03,,0,,0,,0,,,,0,,,,,0,,0,,0.0,0
2024-01-04,,0,,0,,0,,,,0,,,,,0,,0,,0.0,0
2024-01-05,,0,,0,,0,,,,0,,,,,0,,0,,0.0,0
2024-01-08,,0,,0,,0,,,,0,,,,,0,,0,,0.0,0
2024-01-09,,0,,0,,0,,,,0,,,,,0,,0,,0.0,0
2024-01-10,,0,,0,,0,,,,0,,,,,0,,0,,0.0,0
2024-01-11,,0,,0,,0,,,,0,,,,,0,,0,,0.0,0
2024-01-12,,0,,0,,0,,,,0,,,,,0,,0,,0.0,0
2024-01-15,,0,,0,,0,,,,0,,,,,0,,0,,0.0,0
2024-01-16,,0,,0,,0,,,,0,,,,,0,,0,,0.0,0
2024-01-17,,0,,0,,0,,,,0,,,,,0,,0,,0.0,0
2024-01-18,,0,,0,,0,,,,0,,,,,0,-0.750943108125159,0,2.5478364791636303,0.0,0
2024-01-19,,0,34.19579149652189,0,,0,,,,0,,,,,0,-0.6649627368523556,0,2.594006756947094,0.0,0
2024-01-22,,0,31.881903942117646,0,,0,,,,0,,,,,0,-0.2184187491269253,0,2.5743555967084624,0.0,0
2024-01-23,,0,28.18264592998186,1,,0,,,,0,,,,,0,-0.39403171092624717,0,2.570430481225918,0.0,0
2024-01-24,,0,30.863047435238386,0,,0,,,,0,,,,,0,0.12410562915143124,0,2.532095721555221,0.0,0
2024-01-25,,0,27.651597697333642,1,,0,,,,0,,,,,0,-0.3655091052123599,0,2.4842721086076303,0.0,0
2024-01-26,,0,23.547460929166093,1,,0,,,-2.0931404739118102,1,101.51189328748407,106.23003292298823,96.79375365197991,0.8045405683254677,0,-0.5675907920264679,0,2.488242799522754,0.0,0
2024-01-29,,0,34.42490840251287,0,,0,,,-1.352836929363398,0,101.38904145683776,106.34065660579571,96.4374263078798,1.13042237822215,0,0.5880895531420363,0,2.4922203788366804,0.0,0
2024-01-30,,0,33.63111144514251,0,,0,,,-1.3291318951389708,0,101.26181402622568,106.45003168805033,96.07359636440103,1.1504287665527222,0,-0.0920570657488886,0,2.452568943511755,0.0,0
2024-01-31,,0,34.12041573232693,0,,0,,,-1.1931732777600546,0,101.10557857894295,106.50990533475046,95.70125182313545,1.5911906893349135,0,0.028309947608926904,0,2.3853171902947654,0.0,0
2024-02-01,,0,29.224835775770813,1,,0,,,-1.5141638103192188,0,100.80195422952917,106.54145604808102,95.06245241097733,1.5176072195447228,0,-0.6005290918135004,0,2.372488203545545,0.0,0
2024-02-02,,0,27.595611893148572,1,,0,,,-1.5012132831995058,0,100.48281841262528,106.57191971518836,94.3937171100622,0.6678283800549283,0,-0.23039660106680562,0,2.362807098735495,0.0,0
2024-02-05,,0,28.47062282912283,1,,0,-1.3906911781656675,,-1.3089708286420942,0,100.18093557305436,106.5335820321201,93.82828911398862,1.1787688585808975,0,0.046777982599695365,0,2.371256380572954,0.0,0
2024-02-06,,0,25.083202011223577,1,,0,-1.534501844550249,,-1.486107427345522,0,99.74254241383694,106.29700110017968,93.1880837274942,1.14654899462503,0,-0.4892939685438321,0,2.3523559484040306,0.0,0
2024-02-07,,0,28.090717197659444,1,,0,-1.599716606270718,,-1.2494683415942391,0,99.28456241907915,105.7459295790469,92.8231952591114,1.0497372804728795,0,0.16315387484729846,0,2.3027220082716546,0.0,0
2024-02-08,,0,26.274678434300668,1,,0,-1.6804946016147824,,-1.3063916230448083,0,98.82002420912218,105.2082117345973,92.43183668364706,1.2712137240978179,0,-0.2624893117484658,0,2.288240560798021,0.0,0
2024-02-09,,0,25.41535439754732,1,,0,-1.7479002862511663,,-1.2982853838394635,0,98.31377330949624,104.4113235620019,92.21622305699059,0.3143969099652809,0,-0.130489062165416,0,2.23538850653638,0.0,0
2024-02-12,,0,23.69388919847185,1,,0,-1.8287913041213244,,-1.396241233223556,0,97.80060796389947,103.59720149712032,92.00401443067861,0.35324199674659773,0,-0.27483426075604306,0,2.1893435358974855,0.0,0
2024-02-13,,0,37.686278443372714,0,,0,-1.723566448085876,,-0.6918982555291866,0,97.40334301520666,102.59826381200415,92.20842221840917,1.3811657312512204,0,0.8275435601506225,0,2.238284815087934,0.0,0
2024-02-14,,0,37.63212647223731,0,,0,-1.6225602403667096,,-0.6535294870193703,0,96.99330509169863,101.2796843523383,92.70692583105897,1.0824947733419323,0,-0.00600804521098475,0,2.246525161506616,0.0,0
2024-02-15,,0,33.56218269312096,0,0.014919889524661833,0,-1.6093094082485493,-1.6242292977732111,-1.1157506140090565,0,96.6260456339757,100.37435473578746,92.87773653216395,1.2891541560330224,0,-0.4801498730568635,0,2.2028766189647775,0.0,0
2024-02-16,,0,39.079994641145,0,0.08740593784052564,0,-1.514971875472554,-1.6023778133130797,-0.6060327193008188,0,96.3861593134836,99.78088644806013,92.99143217890708,1.403257327975336,0,0.36868084702928205,0,2.2310486664305205,0.0,0
2024-02-19,,0,34.50008587340402,0,0.06495400797293494,0,-1.5211853033469112,-1.586139311319846,-1.2432749328994734,0,96.11334518695499,99.29315253199385,92.93353784191612,1.3596447059689911,0,-0.5389921406719115,0,2.2650490755748116,0.0,0
2024-02-20,,0,35.88445858190008,0,0.07526629289247255,0,-1.4920564452042555,-1.567322738096728,-1.0205642247560274,0,95.90161579619333,98.9510944242999,92.85213716808676,0.7009421840214831,0,0.09373441912683456,0,2.2282486726900643,0.0,0
2024-02-21,,0,29.56961168180449,1,-0.03298833707880777,-1,-1.6085581594452378,-1.57556982236643,-2.062572714722977,1,95.57619053260791,98.6697437765959,92.48263728861993,1.192738089916599,0,-0.858348164777588,0,2.283071373942481,0.0,0
2024-02-22,,0,26.203858265283785,1,-0.16950850019899422,0,-1.787455447615173,-1.6179469474161787,-2.3948123487798125,1,95.22975717035362,98.71403179008826,91.74548255061899,0.4917684456935284,0,-0.5844117851767089,0,2.272688680459786,0.0,0
2024-02-23,,0,27.52070910863401,1,-0.21887704027755617,0,-1.8915432477631242,-1.672666207485568,-1.9290864873876863,0,94.9637820549596,98.80939044621438,91.11817366370481,0.5770371262335235,0,0.08613707931684637,0,2.285441269084455,0.0,0
2024-02-26,,0,32.39422145067478,0,-0.17596979817023573,0,-1.8926284551983628,-1.716658657028127,-1.4127889421481088,0,94.66144783011923,98.43901814827882,90.88387751195964,0.8732465318728234,0,0.3218564864341579,0,2.294397071741033,0.0,0
2024-02-27,,0,33.511493643007725,0,-0.11326496981953893,0,-1.858239869302551,-1.744974899483012,-1.221204892885932,0,94.3789708343627,98.0058962140365,90.75204545468891,0.8544516731696759,0,0.07505423372697227,0,2.283259353674348,0.0,0
2024-02-28,,0,33.11377378250464,0,-0.05949706145863676,0,-1.8193462263063083,-1.7598491648476715,-1.2098548862506133,0,94.08733501425236,97.45736227180318,90.71730775670154,0.8716794983019894,0,-0.05042342468531411,0,2.293542795040111,0.0,0
2024-02-29,,0,32.047332468593595,0,-0.025848969388682086,0,-1.7921603765835243,-1.7663114071948423,-1.2635198254318025,0,93.85188141867323,97.18269116115404,90.52107167619242,1.0835696634454752,0,-0.13189134229949792,0,2.282967860813276,0.0,0
2024-03-01,,0,27.383768995941253,1,-0.0816566468504154,0,-1.8683822157578618,-1.7867255689074464,-1.862082642815297,0,93.56972085980199,97.1148196946087,90.02462202499528,1.513012663437505,0,-0.6348136518979062,0,2.329064578159424,0.0,0
2024-03-04,,0,25.442518768411603,1,-0.14200478128651328,0,-1.964231545515588,-1.8222267642290748,-1.9577604154307278,0,93.2460219610255,97.02256048347186,89.46948343857915,1.3167225274645307,0,-0.3122543452928414,0,2.305313662551639,0.0,0
2024-03-05,,0,24.257458984540108,1,-0.1851696941760652,0,-2.0536888819491566,-1.8685191877730913,-1.876803599844958,0,92.95684080257216,97.07899447504312,88.8346871301012,0.6420770023410381,0,-0.20139437557114387,0,2.2872474449866242,0.0,0
2024-03-06,,0,32.07643736206812,0,-0.11801972037174902,0,-2.0160438382377777,-1.8980241178660286,-1.2298750830644527,0,92.70173085451248,96.85825745907862,88.54520424994634,1.3606153665627572,0,0.47178220265524784,0,2.2406996708848053,0.0,0
2024-03-07,,0,34.445351845389794,0,-0.0305117888751969,0,-1.936163853960025,-1.905652065084828,-0.9630651246974238,0,92.49383375542716,96.6565613040988,88.33110620675552,1.0681647954112856,0,0.15474728925877412,0,2.2205124963051386,0.0,0
2024-03-08,-6.0925111074038085,0,28.879955895731626,1,-0.0692036721438809,0,-1.9921566552646794,-1.9229529831207985,-1.588960093566588,0,92.21236933606338,96.60022603930574,87.82451263282101,0.4423142419364223,0,-0.7714321261071807,0,2.285411892630711,0.0,0
2024-03-11,-6.157845032144323,0,31.084222551452953,0,-0.05161374704767563,0,-1.9874701669303931,-1.9358564198827175,-1.288922416444713,0,91.97719444578078,96.51867142197631,87.43571746958526,1.0868253643347243,0,0.14361989468588698,0,2.25653952820126,0.0,0
2024-03-12,-6.273887653460619,0,29.89844983230998,1,-0.04480926291907439,0,-1.9918679985315606,-1.9470587356124862,-1.337519790453825,0,91.63015153225193,96.06349917651292,87.19680388799094,0.32057299706358194,0,-0.17358696249677427,0,2.2183825033719518,0.0,0
2024-03-13,-6.419565435800507,0,27.88473597374862,1,-0.06364398630053092,0,-2.02661371848815,-1.9629697321876192,-1.5152650791006597,0,91.24993737994468,95.55486461553433,86.94501014435504,1.1967992135610688,0,-0.30945623271422457,0,2.1874563467948356,0.0,0
2024-03-14,-6.455738148346057,0,32.32055266572749,0,-0.015181130981293256,0,-1.981946145914236,-1.9667650149329428,-1.129277637504185,0,90.95319258852727,95.12069187421496,86.78569330283959,0.4322009194735184,0,0.281500605801736,0,2.172912868513253,0.0,0
2024-03-15,-6.266261767549636,0,39.1181542317635,0,0.09971686996451323,1,-1.8421189274773013,-1.9418357974418146,-0.5678955820865457,0,90.6668705276295,94.31476046761254,87.01898058764645,1.2002955751106128,0,0.47493394865324884,0,2.1708271759041664,0.0,0
2024-03-18,-5.9349812955234285,0,44.53702295345229,0,0.24364085577861072,0,-1.6372847277185514,-1.880925583497162,0.04548552139036167,0,90.4881546551861,93.75010258344008,87.2262067269321,1.5479694483374353,0,0.43601769761813175,0,2.135876878859639,0.0,0
2024-03-19,-5.593190091948927,0,40.99590650639397,0,0.2846687032993509,0,-1.5250897043729736,-1.8097584076723245,-0.39237737470661227,0,90.25703472683132,92.9784551152247,87.53561433843794,0.49540397686061827,0,-0.39281647796817837,0,2.1364112003738276,0.0,0
2024-03-20,-5.3664994064813385,0,39.742082297974314,0,0.2922273699641251,0,-1.4444741952171682,-1.7367015651812934,-0.5444662826231007,0,90.10843768587796,92.65965986730384,87.55721550445207,1.2898924144856452,0,-0.144932791688513,0,2.133488027442203,0.0,0
2024-03-21,-5.157058963177022,0,41.79585045745143,0,0.318619589140577,0,-1.338427078755572,-1.657046667896149,-0.23662640173340616,0,90.04281311893972,92.55850222303904,87.5271240148404,1.5552601029894728,0,0.15272907542041744,0,2.168961152234355,0.0,0
2024-03-22,-4.682419693294918,0,47.473567594156975,0,0.39582314459197154,0,-1.162267737156185,-1.5580908817481565,0.569942717503059,0,90.01612274656411,92.48863883482419,87.54360665830403,1.0699826932167567,0,0.4504711726366297,0,2.165610557080592,0.0,0
2024-03-25,-4.287791113236182,0,45.144125959004896,0,0.4070881708958831,0,-1.0492306681283026,-1.4563188390241857,0.27271083403423546,0,89.9285503332965,92.22398128481883,87.63311938177416,0.9075951548470669,0,-0.21677796428037183,0,2.21043794481586,0.0,0
2024-03-26,-3.8788216183402966,0,44.23838010537525,0,0.39423729525480633,0,-0.9635222199556779,-1.3577595152104842,0.2278771295496195,0,89.82312655713618,91.86597521496637,87.78027789930599,0.5267404836231421,0,-0.08400238738455826,0,2.2101630970783526,0.0,0
2024-03-27,-3.485827475902994,0,39.192227031869606,0,0.3072907657881805,0,-0.9736460579752588,-1.2809368237634393,-0.8046971251393222,0,89.66816844639497,91.45422582547431,87.88211106731563,0.5885166250777923,0,-0.5036435881335112,0,2.1966624813115914,0.0,0
2024-03-28,-3.287963097169424,0,34.597028787423724,0,0.17202462015707098,0,-1.0659060485671006,-1.2379306687241716,-2.020002713945077,1,89.46845518922919,91.16658259689466,87.77032778156372,0.6220213659133562,0,-0.5486067214099674,0,2.180444710933004,0.0,0
2024-03-29,-3.162694961544119,0,39.763343083634496,0,0.14136408315367532,0,-1.0612255647820774,-1.2025896479357527,-0.9617325703613288,0,89.3832943227015,91.08319369665199,87.68339494875102,1.638014188617862,0,0.3781965768265143,0,2.1484219376393594,0.0,0
2024-04-01,-3.033301386129594,0,47.25304914406532,0,0.2122519641867484,0,-0.9372746927023172,-1.1495266568890656,0.6063787845754706,0,89.40193766802209,91.117605825779,87.68626951026518,1.335072673646171,0,0.6320284679760941,0,2.1458527539334225,0.0,0
2024-04-02,-2.8460034905259306,0,46.919470160148784,0,0.25144101337444913,0,-0.8352253901710043,-1.0866664035454534,0.4767952820064014,0,89.44001244581165,91.16019509955835,87.71982979206494,1.5213074758628577,0,-0.03353211576740527,0,2.14749710635113,0.0,0
2024-04-03,-2.5412167788538937,0,52.00448529982682,0,0.3367730520619967,0,-0.6657000884679576,-1.0024731405299543,1.5244127561498015,0,89.47540775718485,91.28361234968332,87.66720316468638,0.35328475431682216,0,0.4580097338569309,0,2.1910732975939413,0.0,0
2024-04-04,-2.258786009828796,0,53.724884640207314,0,0.40482144341267223,0,-0.49644633626411405,-0.9012677796767863,1.7749057270838202,0,89.51170395533202,91.43131565546001,87.59209225520404,1.196976042909281,0,0.16602417251348503,0,2.178213085316064,0.0,0
2024-04-05,-2.1537654079110524,0,50.26361322263596,0,0.3932980984843769,0,-0.4096451565713153,-0.8029432550556922,0.9972621677829748,0,89.60389617351707,91.54170743036043,87.66608491667371,0.3652297950126235,0,-0.3008821604424677,0,2.144094397808329,0.0,0
2024-04-08,-1.9426027583896968,0,52.12442059170763,0,0.39584185655624904,0,-0.3081409343603809,-0.70398279091663,1.2298381073277382,0,89.69795397350781,91.70405660692684,87.69185134008877,0.7999705364229702,0,0.17042244194525644,0,2.120586944907895,0.0,0
2024-04-09,-1.5943468118944253,0,59.132151779792025,0,0.48125752788087384,0,-0.10241088106553775,-0.5836684089464116,2.250061551697633,-1,89.88816771584266,92.18269477451632,87.59364065716899,0.7059445014033753,0,0.7263112920320246,0,2.11759968947054,0.0,0
2024-04-10,-1.136972887033565,0,58.91582406328312,0,0.5126009603907871,0,0.057082791542072187,-0.4555181688487149,1.9529158181725446,0,90.1104362562373,92.48976971843969,87.73110279403492,1.182331830743708,0,-0.016589473478881976,0,2.159564566986103,0.0,0
2024-04-11,-0.46330177102379366,0,64.94715414724661,0,0.6093798023040128,0,0.3062065840313011,-0.3031732182727117,2.5493456573089484,-1,90.3803531649806,93.21876443668788,87.54194189327333,0.649703440514042,0,0.7102184038763584,0,2.203045777572384,0.0,0
2024-04-12,-0.09135050007110124,0,51.35348450266747,0,0.4736721693278757,0,0.28891699338713295,-0.18475517594074278,0.6394969698512389,0,90.46773284239462,93.31659995524429,87.61886572954496,0.6240710335704579,0,-1.1386700759673731,0,2.3007060248457742,0.0,0
2024-04-15,0.21294742016868895,1,54.566402639707185,0,0.41791885163736914,0,0.33764338860596865,-0.0802754630314005,1.118264048883185,0,90.54964363907159,93.50227839905533,87.59700887908785,0.7204916689429117,0,0.3672848250777994,0,2.237779642001519,0.0,0
2024-04-16,0.5083902464771342,0,54.90609384842459,0,0.36735275205958423,0,0.3789154770430798,0.011562724983495573,1.0648539182997394,0,90.6778676653216,93.70126019853363,87.65447513210957,0.5179453379159698,0,0.03864243894279733,0,2.2526287320282363,0.0,0
2024-04-17,0.6870731553260185,0,53.42837587870273,0,0.29721429646018255,0,0.38308059555872376,0.08586629909854122,0.7838062495433636,0,90.80660194284089,93.8226382795707,87.79056560611107,1.6812648679845008,0,-0.1334691666061843,0,2.240272851542751,0.0,0
2024-04-18,0.8249205499946015,0,53.83896406740169,0,0.24274553848451855,0,0.3892982222041894,0.14655268371967087,0.7652555788173836,0,90.92336108761677,93.94717621180568,87.89954596342785,0.6964890725288071,0,0.042084664537934906,0,2.1803851246763752,0.0,0
2024-04-19,0.862440531959777,0,44.65544224901914,0,0.06770235632576915,0,0.2311806291268823,0.16347827280111316,-0.5248012862220992,0,90.89196453030647,93.93759982779088,87.84632923282206,1.2469204704537373,0,-0.8832440590057002,0,2.2503054442714028,0.0,0
2024-04-22,0.834213070102507,0,43.76686542691584,0,-0.06106973538887697,-1,0.08714110356501692,0.1482108389538939,-0.6524699412399614,0,90.87354309049655,93.9401276043149,87.80695857667821,0.4420654512450289,0,-0.09834816283927282,0,2.2336145535988217,0.0,0
2024-04-23,0.7177965210097312,0,45.659890790892376,0,-0.11714133119758706,0,0.0017841749569100784,0.11892550615449714,-0.42647437551218115,0,90.88226022809545,93.94003679004383,87.82448366614706,1.3742445056898498,0,0.16121942783692153,0,2.2150715723478402,0.0,0
2024-04-24,0.7229241549125618,0,52.74908971898532,0,-0.05291365484820307,0,0.05278343759424331,0.10569709244244638,0.4684297037280012,0,91.0201888166317,93.9573799292959,88.08299770396751,1.473861501634236,0,0.6587465552524089,0,2.2434941525807908,0.0,0
2024-04-25,0.5089715871929741,0,50.27222438046975,0,-0.04392158515895986,0,0.05079511099374656,0.09471669615270642,-0.0017278123639455005,0,91.19201422545832,93.6944222374291,88.68960621348755,0.8211868660822971,0,-0.23494955934292144,0,2.205878656351081,0.0,0
2024-04-26,0.5087649398929557,0,46.59647801917198,0,-0.08844277499924066,0,-0.015836772596344417,0.07260600240289625,-0.8133063645192969,0,91.28278866302055,93.49949303306342,89.06608429297769,1.57063043781084,0,-0.37024577221705124,0,2.1836673462924514,0.0,0
2024-04-29,0.36181060566923406,0,44.42551951414177,0,-0.14439437525240081,0,-0.10788696666260478,0.036507408589796043,-1.2609270452853303,0,91.28066324697502,93.50293537442988,89.05839111952017,0.9029440378843198,0,-0.228176182921795,0,2.1989895578036944,0.0,0
2024-04-30,0.28356100593795475,0,49.08607937250777,0,-0.11380836904729462,0,-0.10575305271932223,0.008055316327972389,-0.4997740490759446,0,91.32790844289362,93.46049052852865,89.19532635725858,1.7531646310981566,0,0.4186723613491571,0,2.1864402865100074,0.0,0
2024-05-01,0.2223188275484489,0,50.6855521451205,0,-0.0677649411278736,0,-0.07665086008186961,-0.00888591895399601,-0.20501658412840634,0,91.34141454940058,93.46475095884205,89.21807813995912,1.0813236425698272,0,0.14783686014064773,0,2.2237425047240684,0.0,0
2024-05-02,0.0829560342260578,0,48.06515313242436,0,-0.06908050968828319,0,-0.09523655606435,-0.02615604637606681,-0.6666480648553389,0,91.31035084446683,93.45947907391218,89.16122261502147,1.6029981551305206,0,-0.23832971971268635,0,2.2228037879861646,0.0,0
2024-05-03,0.18734875173019816,0,50.723270675330674,0,-0.03328977993010584,0,-0.06776827128869911,-0.03447849135859327,-0.21657586818881533,0,91.337206498919,93.46065922617511,89.2137537716629,1.4772742679418311,0,0.2346723900387774,0,2.1871658316026394,0.0,0
2024-05-06,0.3362441935658609,0,51.23167929630296,0,-0.0026021423937703583,0,-0.037731169350806226,-0.03512902695703587,-0.13847675466225723,0,91.35084625056314,93.4668188791118,89.23487362201448,1.5811843886499066,0,0.04473564100074558,0,2.1700270114923628,0.0,0
2024-05-07,0.5303473431167873,0,56.098858737992344,0,0.0789056078975127,1,0.06350298291485501,-0.015402624982657692,0.8021097441730759,0,91.33601642341064,93.42293361270488,89.2490992341164,1.1067875896929453,0,0.44724263958164595,0,2.165815387009995,0.0,0
2024-05-08,0.518183875035561,0,52.04465391664632,0,0.08119375882588582,0,0.0860895735496996,0.004895814723813766,0.1809071703658131,0,91.28787524351975,93.31163573959049,89.26411474744901,0.7649606136841671,0,-0.33327186500557915,0,2.10654773953271,0.0,0
2024-05-09,0.525612383142132,0,50.2204505124853,0,0.05741634956931089,0,0.07666625168545238,0.01924990211614149,-0.0023545455614679763,0,91.14511877350829,92.71593922856694,89.57429831844964,0.854162584667195,0,-0.15818347757205545,0,2.0714056336794324,0.0,0
2024-05-10,0.5529511594800738,0,48.04997645139559,0,0.014304346191933819,0,0.037130334856058766,0.022825988664124948,-0.46006115146646026,0,91.1137441510447,92.68998163024936,89.53750667184003,0.4626843504191404,0,-0.1853085578835465,0,2.115974338209372,0.0,0
2024-05-13,0.49898756015802803,0,40.938191410932866,0,-0.10707348490447051,-1,-0.11101586746646319,-0.003942382561992679,-1.9913273390333668,0,90.96809865595574,92.65586965667192,89.28032765523956,0.7572017433756867,0,-0.6808971128922084,0,2.149392206871959,0.0,0
2024-05-14,0.3679605958117378,0,42.78347281127232,0,-0.1586041427065158,0,-0.2021975609451374,-0.04359341823862163,-1.4907424004292076,0,90.83290682130811,92.5087700097504,89.15704363286582,0.5943346197664121,0,0.13803142408650582,0,2.145310598831513,0.0,0
2024-05-15,0.24608538679825642,0,44.431754935011085,0,-0.16553089898988585,0,-0.25050704197597895,-0.0849761429860931,-1.0752840692870478,0,90.72571811779275,92.36416177306519,89.08727446252031,0.3633306718843849,0,0.12286899170505405,0,2.1246635831972083,0.0,0
2024-05-16,0.18446764048422892,0,44.46550228652593,0,-0.1600940122507952,0,-0.2850936582995871,-0.12499964604879191,-0.9851647707760501,0,90.61419704828276,92.16573781991421,89.06265627665131,1.169352354648403,0,0.0024503774799938516,0,2.0868036391172846,0.0,0
2024-05-17,0.01749537708161597,0,43.17019931616053,0,-0.16212508920871202,0,-0.32765600755968194,-0.16553091835096992,-1.2192722086532148,0,90.59032506783406,92.18960175161969,88.99104838404843,0.5330409712479994,0,-0.1144781852032394,0,2.0491863402506083,0.0,0
2024-05-20,-0.26593262123193995,-1,36.299519049362054,0,-0.2437158042301099,0,-0.47017567363860735,-0.22645986940849744,-2.423794335939424,1,90.5066681446747,92.41003972363376,88.60329656571565,1.5288600834150894,0,-0.6849008055053857,0,2.0665339136315026,0.0,0
2024-05-21,-0.6875783900283636,0,34.54009799710974,0,-0.30685930894439073,0,-0.6100340055889859,-0.3031746966445952,-2.3047017806723424,1,90.38412332680147,92.6445382341625,88.12370841944045,1.4071339339534221,0,-0.20418995322299222,0,2.0600686572760676,0.0,0
2024-05-22,-1.0799744507652775,0,33.131113965295214,0,-0.3494576163332749,0,-0.7399967170611887,-0.39053910072791387,-2.165192100749995,1,90.17054808086485,92.69589481630673,87.64520134542296,1.1171084090341308,0,-0.16468556854234068,0,2.0810233681080375,0.0,0
2024-05-23,-1.4915529526033566,0,30.04165113323822,0,-0.4054772550605034,0,-0.8973856695535432,-0.49190841449303974,-2.259911759272337,1,89.94277248238083,92.87070279539417,87.0148421693675,1.3639678445805188,0,-0.3820870984614147,0,2.0997235249560195,0.0,0
2024-05-24,-1.8562035056115747,0,29.44715857562649,1,-0.42514173381213116,0,-1.0233355817582037,-0.5981938479460726,-1.9829690944725105,0,89.74735727845817,93.0497814959861,86.44493306093024,0.368617070157346,0,-0.07681224128335376,0,2.099739689550807,0.0,0
2024-05-27,-2.0235528928790814,0,33.02296001163104,0,-0.3839412150575342,0,-1.0781203667679904,-0.6941791517104562,-1.5361687299530755,0,89.59723246955545,93.13867536100601,86.05578957810489,0.8116777549996969,0,0.1970002837334349,0,2.051016623718497,0.0,0
2024-05-28,-2.0864037862206573,0,46.623149906671024,0,-0.21129001860268892,0,-0.9582916749638173,-0.7470016563611284,-0.4169135269890625,0,89.49564684982815,93.00887127663769,85.9824224230186,1.5628723676252398,0,0.9058812881103135,0,2.082155715066315,0.0,0
2024-05-29,-2.167578229270717,0,47.682059538555,0,-0.07404800187860561,0,-0.8395616587093855,-0.7655136568307799,-0.2611181931863338,0,89.38635256525947,92.82145059936765,85.95125453115129,0.7225704038397637,0,0.08465874329106406,0,2.0621356524467704,0.0,0
2024-05-30,-2.222034718099138,0,49.28065095435591,0,0.03926966013823652,1,-0.7164265816579842,-0.7556962417962207,-0.07142664029194698,0,89.31642381041529,92.70463162701101,85.92821599381956,1.2391524987495326,0,0.1274157186759339,0,2.0213392303489446,0.0,0
2024-05-31,-2.2394772643088743,0,48.81633314871335,0,0.11037496884976439,0,-0.6177275307340153,-0.7281024995837797,-0.058584222898064475,0,89.21710938812711,92.4990730021346,85.93514577411963,0.8282469969468625,0,-0.0364643643579629,0,2.0416073905843204,0.0,0
2024-06-03,-2.278467918294382,0,38.696421722273406,0,0.03334283570353258,0,-0.686423954954364,-0.7197667906578966,-1.1134578908215562,0,89.01700252760659,92.27675759098425,85.75724746422894,0.40609751538531375,0,-0.9007702061843953,0,2.130145071545853,0.0,0
2024-06-04,-2.281228329572585,0,38.57741284544079,0,-0.011817376686999892,-1,-0.7345385115166465,-0.7227211348296466,-1.0621458789432312,0,88.76713772378696,91.76380532267586,85.77047012489805,1.1250259040351547,0,-0.012389503378458285,0,2.1400272988605358,0.0,0
2024-06-05,-2.2670255718829537,0,39.03609010604232,0,-0.029070774580845615,0,-0.7590596030557037,-0.7299888284748581,-0.9481923052453158,0,88.55538708515826,91.33851075003585,85.77226342028067,1.4097436625825117,0,0.028284393863285247,0,2.1294502626489615,0.0,0
2024-06-06,-1.9994598507539223,0,54.12433919298462,0,0.12549259375657518,1,-0.5731230862791392,-0.6986156800357144,0.9474057150417685,0,88.4831816594837,91.05014805426565,85.91621526470176,1.005275219627661,0,1.1244245456572448,0,2.1906691044755426,0.0,0
2024-06-07,-1.7149039191929063,0,53.0207525154836,0,0.20988450792786995,0,-0.4362600451258771,-0.6461445530537471,0.908759935511616,0,88.4209635932267,90.81067373649545,86.03125344995796,1.031167660495295,0,-0.08747860122729975,0,2.1989487952750375,0.0,0
2024-06-10,-1.4195044853552758,0,54.58406342514321,0,0.27691205553430986,0,-0.30000448363585974,-0.5769165391701696,1.1157327172169567,0,88.44699864149298,90.8872761217612,86.00672116122476,0.8735935244580955,0,0.14013151581449465,0,2.15188810726056,0.0,0
2024-06-11,-1.3169407856466933,0,54.35981818564378,0,0.3074518502224344,0,-0.1926017263921267,-0.5000535766145611,1.0707207290434082,0,88.45649208742077,90.91678534699972,85.99619882784182,0.47255802374679245,0,-0.016444481208756613,0,2.1108461413033717,0.0,0
2024-06-12,-1.3052584522730086,0,47.31232774957636,0,0.24045305874033096,0,-0.1994872531891474,-0.43994031192947836,0.17730545874710285,0,88.3944988678586,90.7684661411539,86.02053159456331,0.8036592677297865,0,-0.5432504716035068,0,2.1512692555423905,0.0,0
2024-06-13,-1.220672612309457,0,53.64159825048305,0,0.2627977015791563,0,-0.11144318495553307,-0.37424088653468934,1.150598456784875,0,88.38939111619005,90.75057843813455,86.02820379424556,1.4218335045255472,0,0.5291149767656024,0,2.1598761416675685,0.0,0
2024-06-14,-1.08138993324647,0,57.278071827413875,0,0.3144250932731067,0,0.018790480056694037,-0.29563461321641266,1.6611257684269727,0,88.43360937282458,90.92120430359671,85.94601444205244,1.0123264058489094,0,0.3476043195865749,0,2.1631866761066396,0.0,0
2024-06-17,-0.679719664779924,0,60.764868603392195,0,0.38347851444832926,0,0.1837135298439989,-0.19976498460433037,1.9360337994707988,0,88.58814776391381,91.38003866700599,85.79625686082163,0.6760239702844411,0,0.36321692545145207,0,2.1778499062504952,0.0,0
2024-06-18,-0.31738827382272916,0,55.18835392592023,0,0.3504435200210663,0,0.23828941542200255,-0.11215410459906379,1.1571547803734827,0,88.71824904840156,91.59272853089819,85.84376956590494,0.8603178454111741,0,-0.4194083718627918,0,2.1682625236013915,0.0,0
2024-06-19,0.15042712023303295,1,61.11633963643256,0,0.40191254041223473,0,0.39023657091622965,-0.011675969496005092,1.8295185304666028,0,88.93562577426243,92.04958868282833,85.82166286569654,0.8780169020570053,0,0.6466141206614158,0,2.169445835023251,0.0,0
2024-06-20,0.29106309113315376,0,53.499749866785784,0,0.32374699351283415,0,0.3930077723950376,0.06926077888220344,0.8454299139770438,0,89.1230238104448,92.10204620463708,86.14400141625254,0.6192284674974093,0,-0.6491440814292205,0,2.1595376171432292,0.0,0
2024-06-21,0.4454888239336441,0,55.97337449174003,0,0.2946034020889041,0,0.4375150314933336,0.14291162940442947,1.153619140138404,0,89.34782898690048,92.1586860265625,86.53697194723846,0.9523744513539527,0,0.2742995834836537,0,2.1394749723900435,0.0,0
2024-06-24,0.7614343226530593,0,63.7291175515223,0,0.3993800291326417,0,0.6421366658202317,0.24275663668758993,2.298906575315988,-1,89.66195440180591,92.70484399900255,86.61906480460928,0.41026492081141336,0,0.9794290425044186,0,2.236461786153414,0.0,0
2024-06-25,1.0033490336973045,0,58.69386399246338,0,0.3786889479168378,0,0.7161178215836372,0.3374288736667994,1.4569431781415458,0,89.83224370539432,93.04010226545114,86.6243851453375,1.8079710659682124,0,-0.44442391539945575,0,2.2288096810460347,0.0,0
2024-06-26,1.3108475831259767,0,55.97112163677157,0,0.30665260589979293,0,0.7207446310415406,0.4140920251417477,1.0007340058470127,0,89.96548923186097,93.23766856647578,86.69330989724617,0.713864691223808,0,-0.2555164220960524,0,2.2162870196652205,0.0,0
2024-06-27,1.5138711758408903,0,56.35480537759947,0,0.2480107053448085,0,0.7241054068227584,0.47609470147794986,0.9652105471917385,0,90.09083980704585,93.43019692717083,86.75148268692088,1.8077890310484348,0,0.04594402084220082,0,2.168973530417129,0.0,0
2024-06-28,1.5616720346657758,0,53.80370323097298,0,0.16178286261725627,0,0.6783232797495202,0.516540417132264,0.6010382404081007,0,90.19473889531326,93.53634529136141,86.85313249926512,0.4149758475720061,0,-0.23248525681274404,0,2.1656240099634667,0.0,0
2024-07-01,1.4019231865443231,0,46.77979312781303,0,-0.00441292160760598,-1,0.5110242651227566,0.5154371867303625,-0.4390355915350178,0,90.31704337279231,93.36349931955687,87.27058742602776,1.5128910003672629,0,-0.6980351885425601,0,2.2214688550355155,0.0,0
2024-07-02,1.3457403733170707,0,47.108575730149774,0,-0.10867350033629136,0,0.37959531130999835,0.4882688116462897,-0.5416342709727877,0,90.44410169278412,93.12948065972508,87.75872272584316,0.512650005792676,0,0.03068301214132009,0,2.234558148666296,0.0,0
2024-07-03,1.093851712792926,0,42.706385396374465,0,-0.24057036158659195,0,0.18755585966304977,0.4281262212496417,-1.5588882859592423,0,90.51503331659255,92.90196763871694,88.12809899446816,0.5894387515162399,0,-0.47101014551458315,0,2.25537331593042,0.0,0
2024-07-04,1.0096701486333757,0,45.166501119356894,0,-0.2843092455855755,0,0.07273966426767231,0.35704890985324783,-1.1129039897989592,0,90.4864824563085,92.92755320201232,88.04541171060467,1.2242448187177395,0,0.21442573715527177,0,2.2086547861194354,0.0,0
2024-07-05,0.7770790642972116,0,41.44579265828905,0,-0.3587506237034405,0,-0.09138936977605283,0.2673612539273877,-1.6932946428573068,0,90.4215784325518,93.03525102160663,87.80790584349697,0.7591801768290718,0,-0.4198876850823372,0,2.1896908790109157,0.0,0
2024-07-08,0.4394020289097966,0,49.063439953370995,0,-0.2901270255551914,0,-0.09529752801660152,0.19482949753858986,-0.5048808711749657,0,90.4190937619293,93.03531417621335,87.80287334764526,1.659771237505568,0,0.6939163212822537,0,2.2336041933031505,0.0,0
2024-07-09,0.15642640500254856,0,45.81940312837837,0,-0.28366776423787143,0,-0.1597552077587494,0.12391255647912203,-1.0471182891682709,0,90.37918201517526,93.060409878499,87.69795415185152,1.377902487054424,0,-0.3596553076479383,0,2.177788776310669,0.0,0
2024-07-10,-0.08910934504764612,-1,44.516039528267456,0,-0.2864317921351776,0,-0.23412718368984997,0.05230460844532763,-1.2923677338543542,0,90.38160109449191,93.0561679639771,87.70703422500672,1.5245209785337135,0,-0.1478683744323848,0,2.178028381267873,0.0,0
2024-07-11,-0.29012405829237764,0,48.501030130017114,0,-0.22170908626641384,0,-0.22483174938768968,-0.0031226631212758343,-0.6692962127059815,0,90.36755489395128,93.05903447226056,87.676075315642,1.647162025169555,0,0.37796398226742317,0,2.1523670390214216,0.0,0
2024-07-12,-0.5289950027779611,0,43.419727541099256,0,-0.24804220788380366,0,-0.3131754229760304,-0.06513321509222675,-1.4146222313234331,0,90.25436882595463,93.10796005040187,87.40077760150739,1.4509889378612886,0,-0.5764028602339456,0,2.1354236790816628,0.0,0
2024-07-15,-0.592661258401634,0,44.57532521838303,0,-0.2364347472209412,0,-0.36067664911840325,-0.12424190189746205,-1.1310541842591935,0,90.11300415733602,93.0298444154602,87.19616389921184,1.197360251178785,0,0.10905167647504832,0,2.0857995214423455,0.0,0
2024-07-16,-0.5392394913526459,0,50.794821731677516,0,-0.13221362905372944,0,-0.28950893821462387,-0.15729530916089443,-0.213771576964205,0,90.08246599917128,93.00026528161345,87.1646667167291,0.5269506811338206,0,0.6137219760879401,0,2.129861411537793,0.0,0
2024-07-17,-0.5222270735734895,0,44.222702022064276,0,-0.16111078772461784,0,-0.3586837938166667,-0.19757300609204886,-1.1895676161989377,0,89.90141396373168,92.82399264255018,86.97883528491319,0.4221917997835918,0,-0.7501084529357648,0,2.143001093068452,0.0,0
2024-07-18,-0.5443564331072537,0,45.10131486046118,0,-0.15719313633671347,0,-0.3940644265129407,-0.23687129017622724,-0.9702598192865061,0,89.7996861743583,92.79257694297735,86.80679540573925,0.7748299337904058,0,0.0884197597586829,0,2.0881515516013036,0.0,0
2024-07-19,-0.46159490874036635,0,46.38159448322742,0,-0.12775268125504735,0,-0.39656214174503646,-0.2688094604899891,-0.7195979031110118,0,89.68160967000732,92.66655869476065,86.69666064525398,0.671147104869036,0,0.12310565066533241,0,2.111054958435076,0.0,0
2024-07-22,-0.5005512940957146,0,50.1481122939187,0,-0.05025817397744364,0,-0.3316321779617937,-0.28137400398435003,-0.08304251656467028,0,89.49310152795472,91.98942558003849,86.99677747587096,0.5077355740128189,0,0.37452085227395265,0,2.0875282832193927,0.0,0
2024-07-23,-0.5542160015463793,0,44.787530203248814,0,-0.07542557314741616,0,-0.3756559704186202,-0.30023039727120404,-1.0263818545504948,0,89.29227266661472,91.51322456713372,87.07132076609572,1.2760765879314846,0,-0.5989220368492701,0,2.065295038040807,0.0,0
2024-07-24,-0.6760899809796399,0,39.88597398784669,0,-0.16877739119101087,0,-0.5112021362599677,-0.3424247450689568,-2.0190059841654375,1,89.05373586110069,91.25451405616845,86.85295766603294,1.504644099600906,0,-0.624575995030332,0,2.1141648471778813,0.0,0
2024-07-25,-0.8374580877676578,0,42.561813277950925,0,-0.1820100000731687,0,-0.5699372451604177,-0.38792724508724896,-1.5257310312136638,0,88.8363135656131,90.77941923941941,86.89320789180678,1.418890065966145,0,0.24306512516407378,0,2.147332182124351,0.0,0
2024-07-26,-0.8566727317211047,0,44.08690027111457,0,-0.15827315132110487,0,-0.58576868423863,-0.4274955329175252,-1.2125932204528738,0,88.65891428649297,90.3213751057891,86.99645346719684,1.281495547190099,0,0.1406057819694336,0,2.1121796634063372,0.0,0
2024-07-29,-0.9069013559483494,0,45.40365073654273,0,-0.11521515057225462,0,-0.5715144711328435,-0.45629932056058886,-0.8238560252931934,0,88.57157282144344,90.19833774979271,86.94480789309416,1.3466773800352871,0,0.11703807880860326,0,2.1402679614684965,0.0,0
2024-07-30,-1.0685413052993482,0,47.253808194574766,0,-0.055917952128379744,0,-0.5261967607210636,-0.47027880859268384,-0.32509369376634206,0,88.49812561812847,90.03746419014017,86.95878704611677,0.4177457710645446,0,0.1606434217623736,0,2.1566286729714697,0.0,0
2024-07-31,-1.1306891992510515,0,44.09512052660596,0,-0.054930452410562935,0,-0.5389418741058876,-0.48401142169532463,-1.100450565077604,0,88.44379236442089,90.03569685669635,86.85188787214543,0.9680558110190963,0,-0.32392639048959565,0,2.0993186771558605,0.0,0
2024-08-01,-1.2087657286675295,0,45.43662979137852,0,-0.03219743352706528,0,-0.5242582136041563,-0.492060780077091,-0.7295576380377856,0,88.37739217403958,89.95986402108193,86.79492032699724,1.1168889152421722,0,0.1125233486347291,0,2.0640489283245222,0.0,0
2024-08-02,-1.2926104538782681,0,47.159712827479204,0,0.006928249747586546,1,-0.4834004678926078,-0.49032871764019437,-0.35109884324070534,0,88.37161681903491,89.95751998306518,86.78571365500464,1.3708931710937633,0,0.1399803766705715,0,2.093668271720635,0.0,0
2024-08-05,-1.5037045625725938,0,43.54967691843099,0,-0.010029725586527038,-1,-0.5028658746233532,-0.49283614903682615,-1.162972519828998,0,88.25262717287805,89.75526999575298,86.74998435000312,1.2681097488943716,0,-0.3365237086994087,0,2.1227372680135423,0.0,0
2024-08-06,-1.4041179212633068,0,53.5508334326575,0,0.1034295824016398,1,-0.36354917103477646,-0.46697875343641626,1.2754820114345249,0,88.26608891689521,89.80048391940272,86.7316939143877,1.12522680667857,0,0.8493771594395685,0,2.196638431360475,0.0,0
2024-08-07,-1.1310874287159862,0,55.69749147921726,0,0.20361799516696932,0,-0.21245625947770463,-0.41607425464467396,1.6858922428938872,0,88.31934538276826,89.97914668146073,86.65954408407579,1.2478133022889137,0,0.2171036789414739,0,2.182519076701246,0.0,0
2024-08-08,-1.0004043646921446,0,49.50309291315581,0,0.18350722301545708,0,-0.18669022587535267,-0.37019744889080974,0.3237634589602155,0,88.2723608129127,89.84637500572288,86.69834662010251,0.4131328551739217,0,-0.5480042724381783,0,2.17389454265073,0.0,0
2024-08-09,-0.8483843976162149,0,52.629894484051675,0,0.2065571657306604,0,-0.11200099172748423,-0.31855815745814464,1.0629429409584705,0,88.31974713931052,89.94536858840786,86.69412569021318,1.445493958692491,0,0.3039643026760613,0,2.1599694531680784,0.0,0
2024-08-12,-0.8377636734990546,0,47.88911610296034,0,0.15087868208015826,0,-0.1299598048579469,-0.28083848693810515,-0.12061224026863904,0,88.30702638546678,89.93189454430352,86.68215822663005,1.071142818678498,0,-0.4522504132850443,0,2.1551813809244753,0.0,0
2024-08-13,-0.7993512795411561,0,51.67471729278342,0,0.16086142888542276,0,-0.07976170083132672,-0.24062312971674948,0.963407551547068,0,88.26830272409605,89.77922874819707,86.75737669999502,0.8426172916993567,0,0.3680938634661647,0,2.1382714624222636,0.0,0
2024-08-14,-0.5990441629060115,0,56.665156664617015,0,0.23481837757637786,0,0.052899842253722795,-0.18191853532265506,2.067402142161355,-1,88.3678830034037,90.09646210660195,86.63930390020546,0.4466010579346935,0,0.5425287721147805,0,2.135546792276443,0.0,0
2024-08-15,-0.43835215920540804,0,52.527283142857755,0,0.21814808112782483,0,0.09076656608712597,-0.12738151504069886,1.0292164931894705,0,88.4171974738672,90.19881929527288,86.63557565246153,1.4343040012324013,0,-0.3779795812010156,0,2.171234530034701,0.0,0
2024-08-16,-0.23374453179076227,0,56.53930485258905,0,0.25890550628955905,0,0.19625036782124994,-0.0626551384683091,1.8231082641926215,0,88.50168661108049,90.4716456189014,86.53172760325957,0.7429088452345649,0,0.4489718090721318,0,2.1457385737319634,0.0,0
2024-08-19,0.0813516584281615,1,58.170515776561096,0,0.29779314568081144,0,0.3095862936327052,0.011793147951893755,1.971613375706828,0,88.56772365105171,90.74103834550769,86.39440895659573,0.7478445059297614,0,0.19747512846582857,0,2.0902932442347972,0.0,0
2024-08-20,0.2749409749380334,0,61.28682739737875,0,0.35891079894572436,0,0.46043164663404923,0.10152084768832485,2.207147148794109,-1,88.73671123456658,91.26988238141266,86.20354008772051,0.508058412221041,0,0.39644441640737743,0,2.073582388784984,0.0,0
2024-08-21,0.5495168772166608,0,67.3340350009845,0,0.4985268135227179,0,0.7246793645917222,0.22615255106900434,2.782765127481938,-1,89.06656129786836,92.20192016330311,85.93120243243361,1.4445227311840927,0,0.8817935339065048,0,2.151062476326871,0.0,0
2024-08-22,0.946448536225617,0,65.89987055614895,0,0.5421799413752199,0,0.9038774777880292,0.36169753641280933,2.1707191610045626,-1,89.35804487708916,92.88278638205888,85.83330337211943,0.9081013713374688,0,-0.11415787175684913,0,2.1495505498343763,0.0,0
2024-08-23,1.2324646018763303,0,61.56245762092858,0,0.4897196992331113,0,0.9738471604541985,0.4841274612210872,1.5388330163897082,0,89.5969924144304,93.27891011354579,85.91507471531501,1.274712592844046,0,-0.35493790408090237,0,2.1235719141049785,0.0,0
2024-08-26,1.5606083191205755,0,56.810292102750125,0,0.3699862894420263,0,0.94661032302362,0.5766240335815938,0.9550425509648004,0,89.77893958777311,93.46771063732788,86.09016853821834,1.2078857523461595,0,-0.4278991890930506,0,2.0787943803092888,0.0,0
2024-08-27,1.7265910040974575,0,52.78577847191379,0,0.2182243373894277,0,0.8494044553183784,0.6311801179289507,0.451761272049335,0,89.90277383639267,93.54107651441065,86.26447115837469,1.3977623315712213,0,-0.39150783726868615,0,2.083764888735952,0.0,0
2024-08-28,1.7986018806392252,0,52.40790820521356,0,0.10098840597124614,0,0.7574156253930084,0.6564272194217623,0.3395611599873329,0,90.05675423562045,93.53618642003823,86.57732205120266,0.9439884679259934,0,-0.03761802990474062,0,2.049594559027614,0.0,0
2024-08-29,1.951936125745604,0,53.977772075154455,0,0.03800021666032416,0,0.7039274902471675,0.6659272735868433,0.46349916034802163,0,90.216179548731,93.5493751275327,86.88298396992931,1.0821555745675449,0,0.16636308105063086,0,2.0506471307345757,0.0,0
2024-08-30,2.0428051637499607,0,55.26658754927152,0,0.008115034308663671,0,0.676071066472673,0.6679560321640093,0.5553170849268397,0,90.37478577814315,93.58214701414896,87.16742454213734,0.487238927661555,0,0.13528270476106072,0,2.045278439832526,0.0,0
2024-09-02,2.202379881499766,0,58.966202378199846,0,0.0356574523338431,0,0.7125278475813133,0.6768703952474702,1.0000587322989225,0,90.6104687409084,93.57439772697282,87.64653975484399,0.6893868668063888,0,0.4128948252522418,0,2.0033751901120973,0.0,0
2024-09-03,2.2609780080977515,0,59.023567527669805,0,0.04571013596880058,0,0.7340080652084708,0.6882979292396703,0.912741337660102,0,90.75351307271032,93.7160371449865,87.79098900043414,0.36352755402006676,0,0.006704774339478928,0,1.9391990273800124,0.0,0
2024-09-04,2.234853608010866,0,64.92674501497632,0,0.13610083070560408,0,0.8584239676216754,0.7223231369160713,1.6485837381535269,0,90.9455424623245,94.11615942201885,87.77492550263014,0.6086390341619056,0,0.7229005273550191,0,2.0106972151141878,0.0,0
2024-09-05,2.214088500166966,0,63.1430530732827,0,0.16214627359579714,0,0.9250059789108178,0.7628597053150207,1.3522279536862059,0,91.18390418513692,94.30541223861162,88.06239613166223,1.4509012413352114,0,-0.1336420097098779,0,1.9803416142312231,0.0,0
2024-09-06,2.476241029003674,0,71.73729280457815,-1,0.3366110721037008,0,1.1836235454446467,0.8470124733409459,2.4597386942042143,-1,91.52544668584713,95.17552699741805,87.87536637427621,0.762839588408105,0,1.2981776309451134,0,2.0953751641901737,0.0,0
2024-09-09,2.846385120002793,0,73.28058215321342,-1,0.4605230966628997,0,1.4226663441695706,0.9621432475066709,2.363895378447999,-1,91.94700663745695,95.91776552010975,87.97624775480415,1.235461850915542,0,0.3002001365756638,0,2.084167432106769,0.0,0
2024-09-10,3.230908894481317,0,67.8170402036863,0,0.4505739022716877,0,1.5253606253462806,1.0747867230745929,1.7192293688578748,0,92.28635448105885,96.35413502173438,88.21857394038332,0.8025978817640878,0,-0.4009162382455903,0,2.137996605393697,0.0,0
2024-09-11,3.516225365781793,0,61.6343421452201,0,0.34257762865836616,0,1.5030087588975505,1.1604311302391843,1.0785949991225694,0,92.51422792080731,96.58982246700387,88.43863337461076,1.0450744826047267,0,-0.49360365433708264,0,2.1695392419639274,0.0,0
2024-09-12,3.8154962814328144,0,63.25950004436234,0,0.2771400045057628,0,1.506856135871388,1.229716131365625,1.2076566186192796,0,92.80725909723552,96.76103064122603,88.853487553245,1.3889302613156496,0,0.22047609468673143,0,2.188320760709607,0.0,0
2024-09-13,4.050832609640054,0,61.95057240008277,0,0.19612487228881337,0,1.474872221726642,1.2787473494378285,0.994721441190672,0,93.04094832793524,96.92192865237323,89.15996800349726,1.4896374979213192,0,-0.10219245438829058,0,2.1866857652402247,0.0,0
2024-09-16,4.291569340571428,0,64.47955733456243,0,0.16897271505695843,0,1.4899632432590266,1.3209905282020682,1.2317111903500313,0,93.28969853699272,97.17940494638668,89.39999212759875,0.7080139475643019,0,0.33310187820789394,0,2.14348984741076,0.0,0
2024-09-17,4.553199826434124,0,66.08839383615964,0,0.16125414113145586,0,1.522558204616388,1.361304063484932,1.319254955554378,0,93.52100761927915,97.51936439936377,89.52265083919453,0.5266550021619247,0,0.22285410721471943,0,2.1235310871681956,0.0,0
2024-09-18,4.657209361244469,0,65.59599152095699,0,0.1309045596297589,0,1.5249347630221308,1.394030203392372,1.169462630727722,0,93.65383560680003,97.81261594578281,89.49505526781725,1.3632720785593833,0,-0.03432849174963439,0,2.12152963748149,0.0,0
2024-09-19,4.736211426280505,0,59.998496197991464,0,0.038270292498262304,0,1.4418680690152001,1.4035977765169378,0.7039582040756849,0,93.75659331421765,97.96768898397531,89.54549764446,1.4709048048400353,0,-0.4006330546383394,0,2.11363917246623,0.0,0
2024-09-20,4.397391510354041,0,51.52755167967929,0,-0.13126760741259225,-1,1.2395132672511977,1.37078087466379,-0.046740393193291874,0,93.82129546861884,97.98607458152932,89.65651635570836,0.36080459681106425,0,-0.7013739183178334,0,2.159828281495085,0.0,0
2024-09-23,3.9648328621778433,0,49.317295670915684,0,-0.2716421023676474,0,1.0312282467042309,1.3028703490718783,-0.3126196640646066,0,93.90814759689798,97.94307475916452,89.87322043463143,0.5779971648390877,0,-0.21104245419498208,0,2.1157589062837103,0.0,0
2024-09-24,3.7126447282747534,0,53.44225555018617,0,-0.3026108383526298,0,0.9246068011310911,1.2272176394837209,0.029488461236368686,0,94.07861017914153,97.82498572859355,90.33223462968952,1.1452953133276154,0,0.4084495530612409,0,2.0967064057358966,0.0,0
2024-09-25,3.552523679016957,0,54.440532856204925,0,-0.3036834282923411,0,0.8476133541182946,1.1512967824106357,0.04987895275546966,0,94.26363253406232,97.64416919874347,90.88309586938118,0.5380332987734054,0,0.10497616904732128,0,2.0394509160809133,0.0,0
2024-09-26,3.2481889631085465,0,47.99232869576738,0,-0.3784324113493849,0,0.6782562682239046,1.0566886795732895,-0.8262631986141157,0,94.36931035130668,97.43639063223603,91.30223007037733,1.6788526180949273,0,-0.6093402303288229,0,2.0444059274401796,0.0,0
2024-09-27,2.985252655685784,0,48.89849489880407,0,-0.40402720035021256,0,0.5516546791355239,0.9556818794857365,-0.8672128335306875,0,94.46981267487709,97.22445175123813,91.71517359851605,1.5398434330999038,0,0.08573465478284652,0,2.0199641124096988,0.0,0
2024-09-30,2.6973781466676456,0,50.94642142990988,0,-0.3830124590458457,0,0.47691630567842935,0.859928764724275,-0.6956840441491766,0,94.54822170498213,97.09972719723278,91.99671621273147,0.57282207679844,0,0.19300934868206082,0,1.996366405875933,0.0,0
2024-10-01,2.2667322660785345,0,46.35713106363165,0,-0.41400820344646405,0,0.342418510416195,0.756426713862659,-1.4849276920067218,0,94.58178776868323,97.01280759460076,92.1507679427657,1.395689968715401,0,-0.4468324256838554,0,1.9780512456061519,0.0,0
2024-10-02,1.8292581529690608,0,47.24720199263715,0,-0.40881856223820134,0,0.24540351106490732,0.6542220733031087,-1.2948523110275263,0,94.55036338382374,97.0522623649836,92.04846440266387,0.7146417005972153,0,0.07591258359626914,0,2.0250279816992145,0.0,0
2024-10-03,1.4915589404544392,0,47.601735626127216,0,-0.3863845244330196,0,0.1712414177618342,0.5576259421948538,-1.21867792821893,0,94.53508227654844,97.07275851951565,91.99740603358123,0.962524056203569,0,0.0284170884271253,0,2.048370247193722,0.0,0
2024-10-04,1.2198465200465876,0,41.67854055937974,0,-0.4300938524094309,0,0.020008626683065245,0.4501024790924961,-1.8340604962454927,0,94.32664419605214,97.03193907105509,91.6213493210492,1.3237069923961695,0,-0.561281643926337,0,2.0363578787917844,0.0,0
