Date,Open,High,Low,Close,Adj Close,Volume,Ticker
2024-02-15,179.22010658404648,181.4654350721346,176.72317205100344,180.0,180.0,52443884,AAPL
2024-02-16,179.35633944824545,182.30547014982466,176.72314979542702,179.45114515035013,179.45114515035013,31067210,AAPL
2024-02-19,179.66107222883917,182.65895800568182,176.42709950527393,179.79790121972326,179.79790121972326,40527572,AAPL
2024-02-20,181.381104970397,182.26930604660063,178.46723614112838,181.2121299729748,181.2121299729748,38529985,AAPL
2024-02-21,181.33734604691043,183.3121122046411,179.84604424150746,181.14493272045496,181.14493272045496,53860090,AAPL
2024-02-22,184.2628043167892,185.43753931791383,182.70702610075853,184.11284541660908,184.11284541660908,44755988,AAPL
2024-02-23,185.4365581825717,186.90392374392485,183.88378048764562,185.32210091532258,185.32210091532258,59215808,AAPL
2024-02-26,185.6644310099683,189.09297130129082,182.92045721259595,185.71317035415655,185.71317035415655,31706807,AAPL
2024-02-27,184.60447337142492,186.3788611568471,182.33909143717383,184.02605093180398,184.02605093180398,37485535,AAPL
2024-02-28,186.38562346347223,189.69194730472114,185.50697665390786,186.7844386931988,186.7844386931988,25648038,AAPL
2024-02-29,185.70137351749403,187.61996153266276,182.78167031594145,185.78359216100708,185.78359216100708,53744632,AAPL
2024-03-01,182.93270113260044,186.68620986005448,182.09102707009927,183.127940021238,183.127940021238,46201625,AAPL
2024-03-04,183.97635331814013,185.1658195971058,181.02825195225884,184.17982722065005,184.17982722065005,36710571,AAPL
2024-03-05,184.33219581403407,186.9806637935869,180.86294192025844,184.2848703914941,184.2848703914941,26826416,AAPL
2024-03-06,183.88922372522183,186.95415890469886,182.27407991812362,183.9743797731199,183.9743797731199,50516117,AAPL
2024-03-07,183.45029142924182,185.07769335204745,179.74447402426983,183.08619831319047,183.08619831319047,58424383,AAPL
2024-03-08,182.85338980437817,185.03039028971344,179.65030012354669,182.5514816072653,182.5514816072653,28270855,AAPL
2024-03-11,181.5315539692258,182.19632946982597,178.051396885572,181.05612777868288,181.05612777868288,32491405,AAPL
2024-03-12,181.78243188780309,184.70206395127732,178.5003718662936,181.60665919148792,181.60665919148792,31587353,AAPL
2024-03-13,184.84173004766413,187.02287381665278,181.61037374859174,184.35736229509615,184.35736229509615,53328604,AAPL
2024-03-14,182.94216858155792,185.1546511276728,180.36840646397167,182.94688539444695,182.94688539444695,53334192,AAPL
2024-03-15,184.45026632109568,185.78577934174174,180.99112120026646,184.6102439169154,184.6102439169154,32268243,AAPL
2024-03-18,181.41637654193246,184.93579427395707,179.241471034028,181.77491935220445,181.77491935220445,59316199,AAPL
2024-03-19,181.74219529307186,183.32345969683706,180.2263178173898,182.12860056680816,182.12860056680816,52255072,AAPL
2024-03-20,179.61874132027827,182.83050809117523,178.3168815026702,180.4063919441662,180.4063919441662,59885856,AAPL
2024-03-21,180.23248836230718,181.88360832851427,178.71547272936084,179.76345654240308,179.76345654240308,29133952,AAPL
2024-03-22,183.36259631631657,185.3325162073638,180.109200231076,183.4243942809806,183.4243942809806,49965876,AAPL
2024-03-25,184.05864873106316,187.07596609976198,181.01573591190558,183.81626805030305,183.81626805030305,50458849,AAPL
2024-03-26,181.16089488735662,182.84609089215778,177.86201169173927,181.4312857290084,181.4312857290084,35423987,AAPL
2024-03-27,180.03530973791035,181.9854118281138,176.54862425573805,179.79995290861703,179.79995290861703,57876816,AAPL
2024-03-28,179.08359882679952,181.7278287930033,176.23923946151203,178.72493708853136,178.72493708853136,53518141,AAPL
2024-03-29,178.737469328205,180.30501259389706,175.95844127767975,178.43247050954906,178.43247050954906,30757867,AAPL
2024-04-01,176.64117173044292,178.9168606228494,175.76129568779317,177.0705437387849,177.0705437387849,49910493,AAPL
2024-04-02,174.79347430952853,176.3861972478978,172.63208305465727,175.00449661097707,175.00449661097707,29754596,AAPL
2024-04-03,175.2798826425862,176.4707389878919,172.70384820301325,175.45424838153448,175.45424838153448,40905423,AAPL
2024-04-04,173.82757237383413,175.09472933813873,170.63453280059443,173.77812524295905,173.77812524295905,30223003,AAPL
2024-04-05,173.9289306971049,176.73214187822688,172.94176647431632,174.09795085497623,174.09795085497623,53936158,AAPL
2024-04-08,173.76938219553998,177.49484983832735,171.89636196654092,174.0376473014329,174.0376473014329,55906731,AAPL
2024-04-09,176.08592668517778,179.06165113908816,174.66560882924705,176.1049835220418,176.1049835220418,54542245,AAPL
2024-04-10,176.4150812980973,177.24051040673564,173.91153331107003,175.95737154553322,175.95737154553322,50048718,AAPL
2024-04-11,174.66089745566666,177.45086722185943,173.8460784179303,174.90042357558698,174.90042357558698,42825728,AAPL
2024-04-12,175.87765153159512,177.97366178867514,172.895840094836,175.8741749252851,175.8741749252851,51469666,AAPL
2024-04-15,173.75399022732194,177.49330623944851,170.92618422387136,174.37205187120296,174.37205187120296,40375934,AAPL
2024-04-16,174.06271981398174,177.20623559161285,172.59212685666392,174.38881261217014,174.38881261217014,34360019,AAPL
2024-04-17,174.88694252126498,176.6783805748699,172.5723215668978,175.20977862536782,175.20977862536782,35472619,AAPL
2024-04-18,175.8670328594215,177.16845962595346,174.19799094588302,175.83217290455605,175.83217290455605,45156811,AAPL
2024-04-19,175.2278314105441,177.47430273694042,172.58745179651876,174.82604684746897,174.82604684746897,27586236,AAPL
2024-04-22,173.64482254422884,175.16647357821662,171.35670946500755,173.78299374449497,173.78299374449497,53764396,AAPL
2024-04-23,172.27950432218788,173.51551419794612,170.29859816020536,172.55145829744447,172.55145829744447,51025779,AAPL
2024-04-24,171.684082760025,175.27159483332292,169.2752773468719,171.88200787000812,171.88200787000812,36502950,AAPL
2024-04-25,170.2972397386887,171.44833385477867,167.31826742226022,170.2372818379054,170.2372818379054,37419437,AAPL
2024-04-26,171.5788645733748,174.38005091786164,170.12715308456194,172.01757409945674,172.01757409945674,50853775,AAPL
2024-04-29,170.87862672187958,172.5522078834813,170.46650283852668,171.65089542625677,171.65089542625677,52615192,AAPL
2024-04-30,170.98489375629495,173.09861891322169,168.80730571949329,170.9144335569274,170.9144335569274,40472789,AAPL
2024-05-01,171.13627069201814,173.77329700589652,168.23732410858946,170.94084259917236,170.94084259917236,53767689,AAPL
2024-05-02,172.84382088383555,175.69027101969473,171.78608629931512,173.30758298389878,173.30758298389878,32623035,AAPL
2024-05-03,175.8127682612633,176.79402463356067,174.04557473316646,175.8773613831118,175.8773613831118,28124152,AAPL
2024-05-06,172.77043327874412,175.29047344823826,169.55704728500632,172.5171752052164,172.5171752052164,46883528,AAPL
2024-05-07,173.1442152905892,176.4262127690444,169.83970593479398,173.28439379247982,173.28439379247982,47269918,AAPL
2024-05-08,172.2090627943724,173.94168289787584,170.43011281900468,172.45048735617823,172.45048735617823,32513905,AAPL
2024-05-09,171.46885285553157,175.35404668383953,169.55310480669618,171.93435737600998,171.93435737600998,52684152,AAPL
2024-05-10,171.57152975024857,172.98612860108778,169.73092265777115,171.50247587865636,171.50247587865636,35587730,AAPL
2024-05-13,171.85049434374906,174.21139708194028,170.19674651116657,171.76434901827395,171.76434901827395,42568471,AAPL
2024-05-14,172.04486621736964,174.10722135404274,169.050901588148,172.18584810116656,172.18584810116656,26191198,AAPL
2024-05-15,170.915239445519,172.39338759203235,169.25714542943234,170.34659010974562,170.34659010974562,56554295,AAPL
2024-05-16,170.05255298956567,172.98599518252036,167.68304029587372,169.9795812851579,169.9795812851579,26324033,AAPL
2024-05-17,171.973034240867,172.35572855006995,168.23636784349515,171.30185018621648,171.30185018621648,29213579,AAPL
2024-05-20,172.16343892228147,173.88055336110284,170.83590681660795,172.23773441229085,172.23773441229085,42728786,AAPL
2024-05-21,172.7802236102596,175.73419770989304,170.17489928011403,173.09905800365812,173.09905800365812,40861381,AAPL
2024-05-22,172.681465898008,174.43415682579752,170.97165057012563,172.77968189586534,172.77968189586534,47325852,AAPL
2024-05-23,175.02543487659688,176.40511617145847,172.78099834973233,174.85277161593189,174.85277161593189,57750372,AAPL
2024-05-24,177.32874094300033,180.76741718569457,174.15679749416324,177.28953920246042,177.28953920246042,56189111,AAPL
2024-05-27,177.39637291893095,180.34864081677784,176.5913825659702,177.7333381619773,177.7333381619773,49412346,AAPL
2024-05-28,178.10248346126698,179.70859618478866,176.86666064391576,177.82175701420934,177.82175701420934,43831889,AAPL
2024-05-29,178.29594204972395,180.10600519688919,175.96537324303603,178.54777249392436,178.54777249392436,44712240,AAPL
2024-05-30,180.01850451178595,182.95642273493718,178.13058118753546,179.7146582867145,179.7146582867145,36921583,AAPL
2024-05-31,181.4563029848507,184.88469815247345,178.89940802654655,181.54422382718536,181.54422382718536,59776168,AAPL
2024-06-03,182.5550477846015,183.76009358761573,179.87099513230376,182.15901418848057,182.15901418848057,33941306,AAPL
2024-06-04,182.95875088358184,186.1105426699666,179.4139406642538,182.69389994417145,182.69389994417145,26942946,AAPL
2024-06-05,184.65422768906947,188.09938606122208,181.44231535305582,184.7201970761506,184.7201970761506,32291611,AAPL
2024-06-06,183.2501433765154,186.01354815512025,180.75996849154265,183.4756187439846,183.4756187439846,59165567,AAPL
2024-06-07,182.9674554841169,186.76864253901823,181.57520535359444,183.23705817925165,183.23705817925165,31533602,AAPL
2024-06-10,182.20302371286203,183.92622277164674,178.84703612580984,182.3168661915845,182.3168661915845,37284573,AAPL
2024-06-11,183.6470050356657,185.04919332670502,181.79938806910033,183.52706370305953,183.52706370305953,33408915,AAPL
2024-06-12,182.3345751315826,184.0487023358227,178.90766063514394,182.15554594060973,182.15554594060973,45624289,AAPL
2024-06-13,181.98819346943114,185.07525839961772,180.9042976446183,182.14025994538912,182.14025994538912,37146078,AAPL
2024-06-14,185.71466448107728,187.382947810103,183.7103504618268,185.53735511029683,185.53735511029683,57886287,AAPL
2024-06-17,184.81283354943946,188.32892479764843,183.0125107164078,185.47787238119557,185.47787238119557,51872539,AAPL
2024-06-18,185.74004033047166,187.7774662752046,183.4198978282938,186.79479272537557,186.79479272537557,34322270,AAPL
2024-06-19,187.90086290109372,189.2489004773025,186.01404783375764,187.93951601464195,187.93951601464195,41497225,AAPL
2024-06-20,188.62929717858066,190.64162969630294,185.934817826329,188.3832943832779,188.3832943832779,25720232,AAPL
2024-06-21,188.7960733150388,190.49999514503457,185.43968527791077,188.32767469878587,188.32767469878587,47227785,AAPL
2024-06-24,184.9004332122204,187.70229874246505,183.2383437010532,185.01142339799384,185.01142339799384,49997052,AAPL
2024-06-25,186.7892844712954,188.7371678850229,183.161600150468,186.74365049462037,186.74365049462037,30214492,AAPL
2024-06-26,184.5231084639011,187.15207594262762,181.83327953591262,184.85444234514912,184.85444234514912,46628373,AAPL
2024-06-27,182.99959797417793,184.73407752685677,181.07463924363236,183.1985208069337,183.1985208069337,40875857,AAPL
2024-06-28,185.61573454567977,187.38342014207086,184.74195035137353,185.99493664920428,185.99493664920428,37502697,AAPL
2024-07-01,188.6813351547979,190.9240229510367,186.50079839257995,188.91455575345336,188.91455575345336,45197584,AAPL
2024-07-02,186.03722604176716,187.5445722018335,183.10980043636746,186.09682121420124,186.09682121420124,37408261,AAPL
2024-07-03,184.39807142028982,187.68039932943526,182.00642745788383,185.132616066699,185.132616066699,48456658,AAPL
2024-07-04,186.54609291109782,189.98205885206755,183.77430947898446,186.75270508973887,186.75270508973887,57858344,AAPL
2024-07-05,185.84518989620585,187.43477556950268,184.21516430964397,185.76777758880806,185.76777758880806,30132493,AAPL
2024-07-08,183.49273399655482,186.16339779434944,181.32435063432627,183.06885270754017,183.06885270754017,37263529,AAPL
2024-07-09,182.53207057958636,184.90099855886226,179.06806922238545,182.45963195217942,182.45963195217942,34154009,AAPL
2024-07-10,180.06725655958334,181.91475600933265,179.71138394927303,180.74895715363203,180.74895715363203,56250422,AAPL
2024-07-11,182.90254760682706,186.9735548007913,182.4033824444282,183.488175003444,183.488175003444,40514259,AAPL
2024-07-12,180.73707342680893,181.66046456564735,178.15536190830582,180.57462132562935,180.57462132562935,48787923,AAPL
2024-07-15,180.66308633187168,182.29601069315527,178.89688110847237,180.98877691778887,180.98877691778887,43712281,AAPL
2024-07-16,178.2091248336073,179.56883970278554,177.08909905265924,178.65006080093787,178.65006080093787,36119772,AAPL
2024-07-17,179.34772984737992,181.63925057170778,177.08704906749014,178.9799796752689,178.9799796752689,38042181,AAPL
2024-07-18,178.1804633527336,181.40481277281833,175.90968722725302,178.4758630899713,178.4758630899713,35217876,AAPL
2024-07-19,178.96541936071003,181.3948460903602,175.8152182770328,178.63739600856275,178.63739600856275,34300235,AAPL
2024-07-22,177.58229812961756,180.2880752912485,173.8898061494368,177.40967536814676,177.40967536814676,48607642,AAPL
2024-07-23,177.44774005786329,179.73390308181772,174.62117433902222,176.44411871596822,176.44411871596822,26259555,AAPL
2024-07-24,177.15064421251333,179.87767813322452,174.2221814652992,176.8407016097724,176.8407016097724,50801413,AAPL
2024-07-25,175.46893090681792,177.95134952699777,172.56408234183795,175.49710731848765,175.49710731848765,33320121,AAPL
2024-07-26,178.23449885161273,180.9167423907048,174.8878937880266,178.15401641966437,178.15401641966437,47416137,AAPL
2024-07-29,176.0122190930113,177.9857947971162,174.2770367485558,176.0787980750224,176.0787980750224,49905795,AAPL
2024-07-30,177.6825850032109,178.71175663325153,175.81635980217402,177.77196846649514,177.77196846649514,43726779,AAPL
2024-07-31,177.43247508465328,178.6367687023793,176.1471164559269,177.25176232307652,177.25176232307652,49345636,AAPL
2024-08-01,177.47683166156662,179.16725135602752,176.73542365040106,177.8953520522841,177.8953520522841,49772876,AAPL
2024-08-02,175.0029241292851,176.08166800174348,171.40324579134642,174.50171357341443,174.50171357341443,50904291,AAPL
2024-08-05,174.3180934918413,175.99300276260465,172.6573386288029,174.1620782791685,174.1620782791685,28918688,AAPL
2024-08-06,175.22566121717773,178.40222312889256,174.15274955135672,175.67791371531308,175.67791371531308,31278524,AAPL
2024-08-07,177.66302144343098,179.98103892406115,174.94117134623966,177.5544446527145,177.5544446527145,35910006,AAPL
2024-08-08,176.99282315219915,179.3649899657669,173.91241065512077,177.27203620490212,177.27203620490212,32929096,AAPL
2024-08-09,176.92174331888793,177.56204895553444,175.27229477526848,176.56708201408927,176.56708201408927,41818470,AAPL
2024-08-12,176.54018577150444,177.63875229339394,173.14114292284046,176.48665934210288,176.48665934210288,52060546,AAPL
2024-08-13,177.46214696728902,180.04956609509418,175.93660201758578,177.73117950220222,177.73117950220222,51267803,AAPL
2024-08-14,178.35886418027363,181.0357537967217,176.42548110125696,178.82817005067463,178.82817005067463,39680722,AAPL
2024-08-15,180.47289968104957,182.2169848447671,178.96401256452984,180.63433701830127,180.63433701830127,26241350,AAPL
2024-08-16,182.1486004255855,185.61240431414936,178.60473761828004,182.1021884577166,182.1021884577166,58762497,AAPL
2024-08-19,181.23016251746705,183.64845050461204,179.62061562765206,181.41278654147172,181.41278654147172,52934808,AAPL
2024-08-20,181.47689641102005,183.27372235948152,180.5204626298669,181.88020139958024,181.88020139958024,46417582,AAPL
2024-08-21,179.64341218944384,181.36861333664726,178.66595684761765,179.83759497716528,179.83759497716528,45872895,AAPL
2024-08-22,179.7975436218952,183.18247671853982,178.19861752094073,179.76939452993153,179.76939452993153,45756846,AAPL
2024-08-23,180.40431293001006,181.90001347553599,179.7558361557331,180.9274512849701,180.9274512849701,41697864,AAPL
2024-08-26,178.45769183298606,181.89052311553786,176.6626522162957,179.00519128342194,179.00519128342194,56662359,AAPL
2024-08-27,179.412526214585,180.91716706042294,175.93734500280175,179.50815279860856,179.50815279860856,41294264,AAPL
2024-08-28,179.46928640904179,180.63175719695784,177.489593245041,179.439591035293,179.439591035293,52985601,AAPL
2024-08-29,178.48252198307847,179.93167281657773,176.71883968847945,177.9860428681558,177.9860428681558,45453755,AAPL
2024-08-30,177.89458549826782,180.71986314703418,176.25811192226027,178.06417729443962,178.06417729443962,40407587,AAPL
2024-09-02,177.63834299208105,179.02075150856388,174.20817520548772,176.91248214232934,176.91248214232934,55327240,AAPL
2024-09-03,173.29752093186346,174.69058191705963,171.56660602516303,172.9700804438626,172.9700804438626,54088465,AAPL
2024-09-04,172.31286886050273,175.61905385489231,170.90726255741933,172.35911314716645,172.35911314716645,28433860,AAPL
2024-09-05,172.53019128488955,174.19266736830468,169.97583824711407,172.62609218441088,172.62609218441088,51136579,AAPL
2024-09-06,171.80353992797987,173.73573972745905,170.47781765715573,171.88085484046502,171.88085484046502,33805265,AAPL
2024-09-09,172.3860313798698,175.4492376611441,170.555615916915,172.2774372731541,172.2774372731541,46177962,AAPL
2024-09-10,170.90424638878014,174.7956830338472,169.3536126496827,171.38292655466032,171.38292655466032,29975347,AAPL
2024-09-11,171.10799935070358,173.63093194659152,168.15593739720865,170.99073242329072,170.99073242329072,48402820,AAPL
2024-09-12,169.16606963693306,172.2125457340442,168.29069953525746,169.38251381232755,169.38251381232755,35558045,AAPL
2024-09-13,171.70614592278704,173.04447998503778,169.21735972478908,171.95624516683162,171.95624516683162,46873723,AAPL
2024-09-16,174.1584918465353,175.766327372273,170.99214481062953,173.55396377289023,173.55396377289023,32210978,AAPL
2024-09-17,172.97878711395535,175.37158051439607,171.91324388176267,173.30650390348734,173.30650390348734,58078247,AAPL
2024-09-18,175.632635893613,179.07759426149096,172.44222914328557,175.57183993357657,175.57183993357657,27839063,AAPL
2024-09-19,175.4769409485777,178.3760364206578,173.76787797217824,175.06236045369775,175.06236045369775,25360757,AAPL
2024-09-20,172.68925857755815,173.94762817794614,171.18802274241054,172.4106135292462,172.4106135292462,26089244,AAPL
2024-09-23,169.75946917714307,173.4503977344352,167.7838608755346,170.1420623179397,170.1420623179397,49497016,AAPL
2024-09-24,168.70965166731764,169.3530583715523,165.81947035453223,168.27483154219877,168.27483154219877,26907033,AAPL
2024-09-25,166.86817341497118,168.85099250136184,163.40422021349553,166.6522956059735,166.6522956059735,59600241,AAPL
2024-09-26,166.64755395390648,167.27478734765086,163.00841920205698,166.05839042149566,166.05839042149566,45753865,AAPL
2024-09-27,168.22034524373188,171.47310610924148,165.10553936933954,168.41151782277123,168.41151782277123,56414282,AAPL
2024-09-30,167.04878076785886,168.6602271720354,166.0474422767968,167.53502497741545,167.53502497741545,46835513,AAPL
2024-10-01,166.94437423645414,168.39967254262058,165.23236888751723,167.04925188728478,167.04925188728478,51784356,AAPL
2024-10-02,167.42521156910954,169.01151014927498,164.64316994107398,167.28765061168522,167.28765061168522,56367076,AAPL
2024-10-03,166.44479421117913,167.9573857004456,164.72979583825776,166.56265909932765,166.56265909932765,35075842,AAPL
2024-10-04,169.06662961034138,171.90089426356886,165.7662527842994,169.05706603603232,169.05706603603232,49257912,AAPL
2024-10-07,170.15239273474097,171.31967381350975,167.63225441476138,170.099787808855,170.099787808855,33152732,AAPL
2024-10-08,167.55901335350106,170.73653208827318,166.302950287325,168.17641655495154,168.17641655495154,57976413,AAPL
2024-10-09,169.7616210929787,173.43125583228698,168.38740092359785,170.19360015425548,170.19360015425548,28631800,AAPL
2024-10-10,169.90277838394675,172.13747502198075,167.69489798329292,170.16609876387832,170.16609876387832,44362308,AAPL
2024-10-11,168.798299554061,170.0453994095671,167.05818164577258,168.26255952059174,168.26255952059174,53904794,AAPL
2024-10-14,166.72632305996964,170.28532018996964,164.93536979805694,167.05485546911058,167.05485546911058,45190410,AAPL
2024-10-15,167.9350158781752,169.1026914399053,166.17311306002992,167.6501978490134,167.6501978490134,36728314,AAPL
2024-10-16,167.0808231678673,169.74963786097885,165.7771139013804,167.04608851416734,167.04608851416734,44923405,AAPL
2024-10-17,166.7462514472403,169.5347931511904,163.83022530222024,166.5541681123912,166.5541681123912,43695272,AAPL
2024-10-18,168.43964967424122,170.74081044497478,165.4859128254841,168.5788412173196,168.5788412173196,29571138,AAPL
2024-10-21,169.4011780764181,173.03609444668172,167.98118685420968,169.6763913352064,169.6763913352064,43789026,AAPL
2024-10-22,172.54406258881951,173.58219409389199,170.85892183306365,172.22714639153685,172.22714639153685,28247865,AAPL
2024-10-23,169.9719196743654,171.76758477918113,167.7343598209532,170.50575913011423,170.50575913011423,30307036,AAPL
2024-10-24,169.07286608202287,172.05203971501825,167.75894675511412,168.79119032735412,168.79119032735412,32794109,AAPL
2024-10-25,168.54008735528458,172.0885658023713,167.87225023111998,168.96662471933465,168.96662471933465,37056262,AAPL
2024-10-28,169.37600350706882,171.71776298163942,166.56521160411475,169.11212787923841,169.11212787923841,26437799,AAPL
2024-10-29,169.72735097745291,171.61586366466136,167.78616789230838,169.34228379457588,169.34228379457588,45787027,AAPL
2024-10-30,169.3741127833474,172.56380403607096,167.10956630179103,169.2564138230469,169.2564138230469,29918299,AAPL
2024-10-31,168.63107666283656,169.40422833010135,166.5603258408478,168.06961768184823,168.06961768184823,30731457,AAPL
2024-11-01,167.93874968618317,168.8580958576634,166.9243170647478,167.81581803250813,167.81581803250813,55956503,AAPL
2024-11-04,165.5170797051727,168.0878586938892,163.60835382483427,165.90810052678287,165.90810052678287,38519750,AAPL
2024-11-05,167.71440268711947,169.92929123243914,165.9955275348773,167.9268906053237,167.9268906053237,25321311,AAPL
2024-11-06,171.19264061406142,173.38054835444836,169.5527346707908,170.84719612535557,170.84719612535557,57156086,AAPL
2024-11-07,169.48321165679118,172.5157422544338,166.56133650456547,169.15358453146703,169.15358453146703,51256364,AAPL
2024-11-08,168.19417350607694,169.18000067518363,165.8950529639524,167.9752562143915,167.9752562143915,42922407,AAPL
2024-11-11,167.89179982218525,168.92016072809756,166.38920145395633,167.88511684005277,167.88511684005277,33103156,AAPL
2024-11-12,168.36736405838033,170.7368711061305,166.62706430176854,168.26389436940812,168.26389436940812,50200224,AAPL
2024-11-13,170.55754117777482,172.53358609176192,169.74286239455608,170.69108142541901,170.69108142541901,31905709,AAPL
2024-11-14,170.09234113096272,171.63605825329554,167.82371008922237,169.88242384374888,169.88242384374888,51008692,AAPL
2024-11-15,172.52851141146195,173.45796216796728,168.93883956619192,172.21967218406024,172.21967218406024,47368010,AAPL
2024-11-18,171.34207958372215,172.21890638115715,167.83968014350341,171.1842153945788,171.1842153945788,45059479,AAPL
2024-11-19,168.89613879240633,171.28159452188365,167.69863841103546,169.27932887463868,169.27932887463868,38823425,AAPL
2024-11-20,169.92665802714336,172.1836292355129,167.9474822539763,169.4670911869654,169.4670911869654,30931169,AAPL
2024-11-21,171.95608637482502,172.9188445698325,169.81679567269572,171.9241196860086,171.9241196860086,38806592,AAPL
2024-11-22,170.51921942076245,171.76740394276695,168.63332749927602,170.39763492381823,170.39763492381823,43130338,AAPL
2024-11-25,169.2779711502066,171.47449372718455,167.18858779415933,169.73900469755225,169.73900469755225,43839510,AAPL
2024-11-26,170.00805385505245,172.55420943933714,168.4833300981213,169.59883338522755,169.59883338522755,35925144,AAPL
2024-11-27,168.74604162837542,169.995770201661,165.83307714987447,168.65935104128658,168.65935104128658,57872020,AAPL
2024-11-28,165.93340683935028,169.0233620618299,163.72837739488446,166.0420237562825,166.0420237562825,46710834,AAPL
2024-11-29,165.19722940008324,167.58397995831578,163.6259302442549,166.20357671185005,166.20357671185005,33041172,AAPL
2024-12-02,166.3062595690662,167.17301834260132,162.74941219149972,166.06281324745953,166.06281324745953,46686181,AAPL
2024-12-03,168.10157898401508,168.51428015885276,166.3154796966332,167.4919869449489,167.4919869449489,44834756,AAPL
2024-12-04,167.53903880058542,170.85701618149324,165.5694363241765,167.74961202307873,167.74961202307873,57636176,AAPL
2024-12-05,169.90677759672815,172.70375212473692,168.9720838360558,170.06352431990317,170.06352431990317,46119533,AAPL
2024-12-06,170.6721915780077,172.22168829915222,168.69176394367574,170.5329405204083,170.5329405204083,31818998,AAPL
2024-12-09,171.34279399128602,173.10489745281134,169.82104788430055,171.28778020411488,171.28778020411488,30397779,AAPL
2024-12-10,170.73895573410866,173.0453786809424,167.24083242520527,170.65332071038387,170.65332071038387,46270960,AAPL
2024-12-11,169.01934517840658,171.55237085993423,166.670356293733,168.71241843571693,168.71241843571693,38494569,AAPL
2024-12-12,170.842079024866,171.9221618224682,167.24023842879774,170.56805980759336,170.56805980759336,25070202,AAPL
2024-12-13,170.93819520107488,172.22529371572105,168.90462970239537,171.1488779785642,171.1488779785642,45707020,AAPL
2024-12-16,172.73853213416865,174.8711466170849,169.8214581440273,172.67362507051104,172.67362507051104,59972958,AAPL
2024-12-17,169.6703592035723,172.26342316515672,167.9212306770459,169.70693130201724,169.70693130201724,25703260,AAPL
2024-12-18,168.47521922745378,170.17069296242298,167.08569682899753,168.47525173370587,168.47525173370587,55292094,AAPL
2024-12-19,170.30360970340564,172.71692162480252,167.44747160704395,170.5869451017248,170.5869451017248,50232662,AAPL
2024-12-20,172.49745060026873,175.7150856803641,169.66773501651787,172.7070168960562,172.7070168960562,35330349,AAPL
2024-12-23,172.59221956522555,174.71858236917177,171.18465581715486,172.55462953529175,172.55462953529175,25822222,AAPL
2024-12-24,176.50647859310345,180.0118341362386,175.20468470699228,176.54745023493481,176.54745023493481,56817737,AAPL
2024-12-25,177.6274264985554,179.73600646570003,175.3470480342781,177.44494142406188,177.44494142406188,43507547,AAPL
2024-12-26,174.89821001674093,175.5443395267272,172.74543443435644,174.41856652991325,174.41856652991325,39128033,AAPL
2024-12-27,171.80928113306936,175.345697811548,169.96934985397633,172.1435248053766,172.1435248053766,25629774,AAPL
2024-12-30,170.94377040974857,172.12155134727166,168.76308985714633,170.93046188484226,170.93046188484226,51675844,AAPL
2024-12-31,170.14029168324407,171.57430991658495,167.32594498636814,169.92838415308617,169.92838415308617,38393699,AAPL
2025-01-01,172.01626853122778,174.35172812978442,168.22893876106548,171.42350334273243,171.42350334273243,38230533,AAPL
2025-01-02,172.1287918403115,175.73031370157923,170.8631101443871,172.34420689733076,172.34420689733076,34607549,AAPL
2025-01-03,170.5531120702507,172.04486516845594,168.19077685817675,170.2506096165538,170.2506096165538,42630141,AAPL
2025-01-06,170.1049747339699,172.154679061488,166.96508919313914,170.24180644238618,170.24180644238618,57604747,AAPL
2025-01-07,170.3652842689132,172.54212467195353,167.7574197904727,171.04965053338958,171.04965053338958,38853221,AAPL
2025-01-08,172.0259019351115,175.04206927612213,170.72302344419163,171.66971490889034,171.66971490889034,32552831,AAPL
2025-01-09,171.9776745645066,175.27409244763734,169.07130326463127,172.09916079235873,172.09916079235873,40354714,AAPL
2025-01-10,169.1537535049879,170.97743659919055,166.33804202998377,168.94435552007562,168.94435552007562,49133487,AAPL
2025-01-13,171.09735598852834,173.88214339530913,168.3880365222532,170.82952672245213,170.82952672245213,56261595,AAPL
2025-01-14,168.07193319123115,171.0873675116807,165.17600778334,168.48848916168956,168.48848916168956,52680276,AAPL
2025-01-15,169.09577662950386,171.21680750780112,166.80305254920626,169.1563222417592,169.1563222417592,58830817,AAPL
2025-01-16,170.7139628091708,172.2178039926028,168.72526499974953,170.61214075883024,170.61214075883024,31620333,AAPL
2025-01-17,169.26222334690974,171.0049168636954,168.25825301436578,169.2997112663485,169.2997112663485,52200764,AAPL
2025-01-20,168.244600948249,170.43812413380925,165.88225422069706,168.16412030126278,168.16412030126278,36442328,AAPL
2025-01-21,169.49654814390678,170.74387903438193,167.18143256077494,169.13500641443358,169.13500641443358,26989094,AAPL
2025-01-22,169.08177579897625,172.0037464127838,167.44737897604614,169.30102428202574,169.30102428202574,53027322,AAPL
2025-01-23,169.95811448941757,172.70709347077627,167.95416365975848,170.1383739538841,170.1383739538841,25147523,AAPL
2025-01-24,170.163117276391,172.78290756355506,167.4429824145417,170.47874981316642,170.47874981316642,29651423,AAPL
2025-01-27,168.3436898041039,170.6103160904811,167.45486489833087,168.4127430657222,168.4127430657222,35595147,AAPL
2025-01-28,168.4547320526114,171.0493795579862,167.2662437013635,168.263628656732,168.263628656732,42414388,AAPL
2025-01-29,170.68633107082275,172.5689824305692,168.78063449961493,170.24029464354916,170.24029464354916,32113915,AAPL
2025-01-30,168.4799156171542,171.50907060516167,166.73194954596573,169.3261032817396,169.3261032817396,46197282,AAPL
2025-01-31,170.21349682350254,171.61911803674897,169.52638553994876,170.62410626430037,170.62410626430037,33886169,AAPL
2025-02-03,169.99753864208887,172.57745631198634,168.11834715972782,169.88080556512818,169.88080556512818,46334111,AAPL
2025-02-04,171.58018793201092,173.11231395902902,170.31882522052416,171.6610053523567,171.6610053523567,53974208,AAPL
2025-02-05,171.78409497640263,174.07706487467289,169.10938056924942,171.63424755619977,171.63424755619977,29995794,AAPL
2025-02-06,172.25594919705475,174.95906202677227,171.28616004608764,172.22794066578746,172.22794066578746,27806622,AAPL
2025-02-07,170.73410098409326,171.65587899898813,168.6943416745524,170.47529211708147,170.47529211708147,52645446,AAPL
2025-02-10,170.6003431732701,171.26469003136373,168.1454103912064,169.93349853310804,169.93349853310804,25898604,AAPL
2025-02-11,170.81855332321567,173.19125635826555,167.6022866757443,170.54351412887561,170.54351412887561,40035967,AAPL
2025-02-12,168.35539512107016,171.3175653761635,165.61230502238183,168.6425341231124,168.6425341231124,29035896,AAPL
2025-02-13,167.67706929093467,171.3034213100158,164.7584174554808,168.07888506215224,168.07888506215224,48218702,AAPL
2025-02-14,168.9464232077408,172.14750657357308,167.13255062141923,169.01021259775024,169.01021259775024,37369153,AAPL
2024-02-15,398.6950625859957,407.11154960643796,397.8078136460427,400.0,400.0,58654306,MSFT
2024-02-16,408.3559147402255,411.73700281811915,403.86171624904455,408.0540989900233,408.0540989900233,49075388,MSFT
2024-02-19,400.4435859610472,404.81097080451184,394.5031601025469,401.87475083825547,401.87475083825547,46467463,MSFT
2024-02-20,411.89746316344605,414.70158747032525,407.2603490978499,412.06108066544647,412.06108066544647,42740403,MSFT
2024-02-21,410.37838087995755,419.49689439297134,403.6379146931428,411.362068488758,411.362068488758,28797566,MSFT
2024-02-22,408.3640138613965,412.654668312527,402.5369614762786,407.85088359576673,407.85088359576673,58021886,MSFT
2024-02-23,409.81742681404535,415.8096038029353,406.04002822302925,409.35623473650224,409.35623473650224,56632210,MSFT
2024-02-26,414.6820314544111,420.4812901542806,407.43798868570013,415.6613477718683,415.6613477718683,57433463,MSFT
2024-02-27,422.4308978925177,426.1834193831869,417.6389830141403,423.8268940070564,423.8268940070564,58682639,MSFT
2024-02-28,426.72022552893725,431.03567673561986,423.54000706185417,427.31554573179454,427.31554573179454,48484851,MSFT
2024-02-29,420.33854717341524,423.4354377194519,413.5230275595121,419.9535908564491,419.9535908564491,42271294,MSFT
2024-03-01,420.60630309634075,428.3181081012552,417.9649645763432,421.162136697762,421.162136697762,40732160,MSFT
2024-03-04,420.91446169031525,429.59110284575956,413.7938534204236,421.87584870874394,421.87584870874394,42338026,MSFT
2024-03-05,432.4844040023167,437.0750077398622,423.8074182306583,432.1797795489851,432.1797795489851,54522419,MSFT
2024-03-06,431.40899353386806,439.33191481576415,424.89996609385037,431.3032003542986,431.3032003542986,58169180,MSFT
2024-03-07,431.68564473106034,438.1033839776732,426.66080410498677,431.8711192232629,431.8711192232629,40394267,MSFT
2024-03-08,431.0357343538077,437.68855109844486,423.52545580451425,429.76944907269757,429.76944907269757,43656905,MSFT
2024-03-11,423.497364449815,429.53752245626924,419.92462219054306,422.6931968618803,422.6931968618803,28938415,MSFT
2024-03-12,425.41913276521217,433.4588566075737,422.3932828863863,426.71231654496574,426.71231654496574,43247655,MSFT
2024-03-13,420.37194008906147,425.73193268577404,415.6235986345105,420.2232846230267,420.2232846230267,33038609,MSFT
2024-03-14,424.25688804914057,430.45100268198706,419.80526866189774,423.79115576959157,423.79115576959157,31280651,MSFT
2024-03-15,423.9956797974821,427.97337162071966,418.2370621224693,424.0019443711032,424.0019443711032,25941284,MSFT
2024-03-18,422.743686243266,427.43891101069374,415.8677206393032,421.7403601884953,421.7403601884953,32300375,MSFT
2024-03-19,414.23124536626864,422.98778010461206,409.56562824146494,414.7473349799922,414.7473349799922,36735529,MSFT
2024-03-20,420.7002766219243,426.45403615915114,417.2454291422392,420.4367698313656,420.4367698313656,53535684,MSFT
2024-03-21,418.32294565765267,421.7889613700109,410.9091801344412,418.30599998264944,418.30599998264944,27858218,MSFT
2024-03-22,419.2632337234331,426.0390648280057,412.11469173513836,418.8059527816099,418.8059527816099,41747899,MSFT
2024-03-25,424.0874681314632,432.6517079796931,418.12493350720615,425.0793469438721,425.0793469438721,50456140,MSFT
2024-03-26,416.9602693081117,424.5842635108169,412.2457898240954,418.3044712867076,418.3044712867076,50449273,MSFT
2024-03-27,423.39582331937874,426.49808271916925,417.07594505926613,421.64632319130163,421.64632319130163,58889080,MSFT
2024-03-28,422.7439044832399,426.1516652657809,420.3975314557918,422.8441888983964,422.8441888983964,58664471,MSFT
2024-03-29,412.57892233702523,419.4959130818736,412.1555453448206,414.7042460243401,414.7042460243401,33645063,MSFT
2024-04-01,417.1190104007334,419.9606048493493,410.87008390614426,416.76867580815315,416.76867580815315,28589440,MSFT
2024-04-02,427.9030313246636,433.7163482470452,421.7758727469247,427.5416002931918,427.5416002931918,38100913,MSFT
2024-04-03,427.47434380126765,429.9685984443192,418.26090299259573,425.830293349587,425.830293349587,49718792,MSFT
2024-04-04,421.048567402841,426.0950607248588,416.4836940937719,420.16845280968494,420.16845280968494,52619462,MSFT
2024-04-05,420.05305924109007,425.47865409426623,412.0486685800861,420.318370962974,420.318370962974,57296690,MSFT
2024-04-08,415.9764737621433,423.96778760908614,409.5461789861747,416.08226109928637,416.08226109928637,29087139,MSFT
2024-04-09,420.73198473374856,426.6327242943297,412.5694332043386,420.0521442538259,420.0521442538259,43742729,MSFT
2024-04-10,416.440059697195,421.6637726143857,409.4087376910699,415.8041445317948,415.8041445317948,45422914,MSFT
2024-04-11,412.0881450104855,420.97481177889904,405.5073399907494,413.65050606417316,413.65050606417316,43011393,MSFT
2024-04-12,414.62686828545924,423.14748961464255,407.8183583924686,415.610897083362,415.610897083362,54799339,MSFT
2024-04-15,417.85538383646934,424.3937948159266,413.96315707609944,418.0895080977779,418.0895080977779,36998293,MSFT
2024-04-16,411.29722159067177,412.87731044419763,404.7176232213441,410.81977816857085,410.81977816857085,53871019,MSFT
2024-04-17,410.4001361932277,416.9492688738521,407.83219187121927,410.0483191206531,410.0483191206531,32899849,MSFT
2024-04-18,418.67724383623124,423.53821679113105,412.47468123831646,419.36599591025424,419.36599591025424,56102190,MSFT
2024-04-19,418.78901328783854,426.15152393264424,413.4652252736509,419.003324906478,419.003324906478,51179700,MSFT
2024-04-22,413.5651607932813,420.57331703337513,410.4869257034634,413.59297420657214,413.59297420657214,44994188,MSFT
2024-04-23,410.96525477594537,417.9298098532806,407.1073901988343,410.32598258907694,410.32598258907694,44699828,MSFT
2024-04-24,414.8609019933402,418.522009970911,404.6247179984431,412.5281666445402,412.5281666445402,44578827,MSFT
2024-04-25,409.8539890315632,413.53979218772116,406.2254378382189,411.00225222606736,411.00225222606736,54892536,MSFT
2024-04-26,413.41579749041534,417.420138690769,409.5903002299408,413.4568014109537,413.4568014109537,45678593,MSFT
2024-04-29,408.0767362040431,415.93316509691294,405.8422489189987,408.5789011754479,408.5789011754479,36448915,MSFT
2024-04-30,405.91683746063893,413.15848766762764,398.0445631743842,405.4299572494681,405.4299572494681,47920392,MSFT
2024-05-01,413.52852912690486,416.87693585324723,406.4041761194712,412.133250102574,412.133250102574,56511336,MSFT
2024-05-02,419.420906299996,425.51057359604937,411.57156176988144,419.57777756686835,419.57777756686835,37347562,MSFT
2024-05-03,422.8175920924338,428.1118899089206,418.4827614041552,422.6207506679334,422.6207506679334,36568855,MSFT
2024-05-06,428.25614721053216,434.5460543678811,425.08059715186823,428.91248724091236,428.91248724091236,43667701,MSFT
2024-05-07,434.56054746657594,436.87433807152667,431.7204818873538,434.67165867329066,434.67165867329066,39818064,MSFT
2024-05-08,435.26536323515353,441.43962266480656,428.84622287821236,434.34399285839635,434.34399285839635,35639203,MSFT
2024-05-09,438.59180217654364,442.8243307181492,434.51825332459265,438.8482436698247,438.8482436698247,47662283,MSFT
2024-05-10,434.55544783887785,442.6294263466184,426.5054571268376,435.01552919250634,435.01552919250634,56462607,MSFT
2024-05-13,432.73957987320057,439.8267456222298,425.2045595475428,433.2259625138942,433.2259625138942,39908061,MSFT
2024-05-14,439.1669949954006,444.8240693905636,434.4312664563932,438.78830249676054,438.78830249676054,39076796,MSFT
2024-05-15,442.4585712811928,446.89615070970797,439.06850629697783,442.71522000291054,442.71522000291054,48452599,MSFT
2024-05-16,439.9652528580398,447.07582003603034,434.70199263820774,439.8883762909717,439.8883762909717,43355182,MSFT
2024-05-17,445.9064780810995,453.314433743452,437.96786148949593,444.48405955688287,444.48405955688287,29375466,MSFT
2024-05-20,445.68705556744436,453.1122766600829,439.10174445578633,444.7854881666305,444.7854881666305,42904480,MSFT
2024-05-21,445.17934990831645,451.1380161828693,440.3554411606275,444.74932005736355,444.74932005736355,35024961,MSFT
2024-05-22,445.5647418612241,448.5485530118706,440.4882458728474,445.5638812228275,445.5638812228275,40392679,MSFT
2024-05-23,437.7043653854714,441.1303714979996,433.74637872646764,438.16408075490483,438.16408075490483,27875524,MSFT
2024-05-24,436.0767640901593,442.84981047213114,433.15091948398583,436.637742756912,436.637742756912,46387304,MSFT
2024-05-27,438.3508186157307,443.6233379424102,434.63277847892476,438.30432461442535,438.30432461442535,45753963,MSFT
2024-05-28,441.2658700585698,449.3577161514652,438.73724170676354,441.5868450889444,441.5868450889444,53596443,MSFT
2024-05-29,447.63224087858026,452.198401717943,443.88922854913835,447.8815628622751,447.8815628622751,25313445,MSFT
2024-05-30,448.97753018174444,459.21282300632504,444.3633953381827,450.44707408843516,450.44707408843516,47990783,MSFT
2024-05-31,447.52071540554556,454.57503124800786,443.1676919762715,447.5066075295848,447.5066075295848,53495346,MSFT
2024-06-03,453.7896614071881,460.7595333190676,446.71962147169575,452.1413975599172,452.1413975599172,37148959,MSFT
2024-06-04,445.5729458377403,450.1143626551445,438.4541397152122,446.3026780673353,446.3026780673353,27077810,MSFT
2024-06-05,445.53406874545567,449.1989553901521,441.56530238980736,445.24852886515686,445.24852886515686,59465114,MSFT
2024-06-06,440.9271240595945,446.46772367651715,438.3337053322883,440.6546615345887,440.6546615345887,50380982,MSFT
2024-06-07,439.44613142135324,442.55562986811015,432.0130626091707,438.7687357842964,438.7687357842964,50054936,MSFT
2024-06-10,447.00459490990994,451.6430697096715,443.49593150588106,446.4567878787499,446.4567878787499,47976030,MSFT
2024-06-11,448.7164041740137,453.2917602141953,446.31795308464893,449.74826402748425,449.74826402748425,49189252,MSFT
2024-06-12,453.12039881561515,459.528265542286,447.58535245888135,452.58661541526044,452.58661541526044,45273397,MSFT
2024-06-13,452.97500183659713,457.26312948298556,443.87620940323666,452.78087736670807,452.78087736670807,57890791,MSFT
2024-06-14,460.96574036690913,468.90707255061295,454.6547748633745,459.8873165899848,459.8873165899848,26484035,MSFT
2024-06-17,466.3546078208401,472.9854660759668,461.6376683826505,465.06400855018825,465.06400855018825,42507700,MSFT
2024-06-18,471.6664947766355,479.3939602498102,465.1054054871318,470.90772370624234,470.90772370624234,52659385,MSFT
2024-06-19,472.5594172021636,481.2570815770342,467.68965227835776,472.2629765868941,472.2629765868941,49317628,MSFT
2024-06-20,474.6381246834881,479.20095594650815,466.03726046836357,474.1273554106686,474.1273554106686,57765927,MSFT
2024-06-21,475.7647589517314,484.40992639684066,469.35127867271615,478.2727355725686,478.2727355725686,35885147,MSFT
2024-06-24,485.5409181233387,492.74960790601205,476.3686738355315,485.37913000586053,485.37913000586053,46781757,MSFT
2024-06-25,476.05075004420326,484.61845899525775,471.516424255436,475.6787895415014,475.6787895415014,30486801,MSFT
2024-06-26,473.0953305159006,481.2388510785294,464.7878803199642,471.96037285936666,471.96037285936666,29786032,MSFT
2024-06-27,466.597301403332,474.1904006918888,461.92779356139476,465.4874337845665,465.4874337845665,55306471,MSFT
2024-06-28,469.4486485509532,478.7184742621909,461.96901072716145,470.63261889317937,470.63261889317937,51563215,MSFT
2024-07-01,464.27874672617645,470.791803121356,458.7385773758182,463.966772949043,463.966772949043,39502865,MSFT
2024-07-02,473.9814132976052,479.1165072706758,468.5785425156941,474.15080892972657,474.15080892972657,50069587,MSFT
2024-07-03,470.54938179681756,474.8763629772587,461.9313176387628,468.89312684971776,468.89312684971776,33669896,MSFT
2024-07-04,479.9201357832843,485.01277858753514,474.54659645716947,480.19256303207493,480.19256303207493,34220751,MSFT
2024-07-05,482.4044648735141,488.1384996709929,477.4962298312823,482.1190716035195,482.1190716035195,28863073,MSFT
2024-07-08,484.04331709041526,488.7781783250401,478.0939070298993,483.4284515405282,483.4284515405282,27022338,MSFT
2024-07-09,487.7450923714154,496.6343357327709,485.19778255703505,488.7238387132842,488.7238387132842,34761614,MSFT
2024-07-10,477.40080000965736,478.6767426163551,467.88555644757884,475.51384624808236,475.51384624808236,50985059,MSFT
2024-07-11,475.14127764135526,486.0439505146692,471.398986769441,477.33569391628174,477.33569391628174,41843114,MSFT
2024-07-12,475.68176975824093,485.20759773638804,472.0545725726005,476.512486130324,476.512486130324,31753481,MSFT
2024-07-15,469.96046827734773,479.11564400585297,462.2967221187033,470.6141674818923,470.6141674818923,49822867,MSFT
2024-07-16,476.3532240669965,482.6337847664294,470.4262548361533,476.9405701838664,476.9405701838664,56167807,MSFT
2024-07-17,477.77686049410335,486.01865077912834,469.1114299414649,477.4084001296373,477.4084001296373,26742283,MSFT
2024-07-18,487.8663003025064,495.75897353904486,486.22012614481554,489.3797015959526,489.3797015959526,53837853,MSFT
2024-07-19,485.4908297206666,489.3712623334538,482.383924574484,485.9300941021993,485.9300941021993,59322929,MSFT
2024-07-22,483.7310386681685,493.7478566208039,479.56968628684353,484.9577648139091,484.9577648139091,41112408,MSFT
2024-07-23,485.2956076702059,490.0205653629461,480.8912029012832,485.16522162540514,485.16522162540514,58261914,MSFT
2024-07-24,479.24754453546745,483.6061218552012,477.90901725894963,480.4014764167271,480.4014764167271,37048376,MSFT
2024-07-25,474.1346153191421,478.1641062305856,467.87283544843456,475.0930565542625,475.0930565542625,28514548,MSFT
2024-07-26,479.22459161690267,487.034443415854,475.39491521189706,479.4244783380817,479.4244783380817,40197555,MSFT
2024-07-29,476.2182025351183,479.6497501895394,471.21017793208335,474.4696611671343,474.4696611671343,53896823,MSFT
2024-07-30,485.11452020039957,492.65689743731514,477.7382032459413,486.51627480220554,486.51627480220554,40001990,MSFT
2024-07-31,491.2527856822884,495.8527411457931,484.84051929635757,491.79884448557834,491.79884448557834,49027456,MSFT
2024-08-01,499.1945806005746,507.198918717926,490.645562048683,498.8477125402942,498.8477125402942,40044539,MSFT
2024-08-02,499.7910936399964,503.9146905876088,496.21395525528726,499.60309546676837,499.60309546676837,59607250,MSFT
2024-08-05,504.7886480116665,515.2026978100737,499.733746180474,505.98577356241327,505.98577356241327,36432554,MSFT
2024-08-06,506.198890013625,516.8451874905677,499.88490063721315,507.1034597156264,507.1034597156264,37837700,MSFT
2024-08-07,504.9938253541463,512.4816554560527,496.73446703400674,505.3723246268642,505.3723246268642,56916192,MSFT
2024-08-08,504.72416954305817,508.81164062402047,495.176146547378,503.5580932268643,503.5580932268643,31368303,MSFT
2024-08-09,501.1753540996444,506.59627577043784,492.263938395865,500.5488842465476,500.5488842465476,32650322,MSFT
2024-08-12,502.678638624369,505.3240476193298,495.5628612868301,502.7185790976489,502.7185790976489,52796914,MSFT
2024-08-13,495.36677787009694,503.19150346472577,488.5134571375294,493.82605240245874,493.82605240245874,38080053,MSFT
2024-08-14,507.97140789090133,510.5027217266718,499.04843782862554,507.5462837267097,507.5462837267097,56266261,MSFT
2024-08-15,504.3940188428438,515.1201313795469,501.738569170313,505.5860856806713,505.5860856806713,49588822,MSFT
2024-08-16,504.53974024974116,509.22607883975223,500.61250080492744,505.14440545510297,505.14440545510297,48001116,MSFT
2024-08-19,498.6341859675151,506.8333444260011,489.5626102799939,498.47937809802346,498.47937809802346,35108701,MSFT
2024-08-20,498.73229049919183,506.4289392044375,492.4705818349461,499.79797314264835,499.79797314264835,39342443,MSFT
2024-08-21,494.325333445695,503.5503031540485,486.40085234071,495.2762475965071,495.2762475965071,29181172,MSFT
2024-08-22,497.28684855899627,500.23934698961386,490.5464566355113,496.6331665602457,496.6331665602457,56121513,MSFT
2024-08-23,500.41170691932825,514.4137319480889,501.17845477593283,504.7218287598646,504.7218287598646,26629070,MSFT
2024-08-26,495.48653902675863,497.65991102759835,487.66419889478027,494.59768400111193,494.59768400111193,27343844,MSFT
2024-08-27,492.9591756132443,503.40207441533437,486.2880094166681,494.9768055259122,494.9768055259122,56791777,MSFT
2024-08-28,500.1996839042897,504.169240511023,494.31181898413394,498.69317143514616,498.69317143514616,38905337,MSFT
2024-08-29,490.9647737232751,498.42841256735454,482.5808130484334,491.3390713367837,491.3390713367837,30042343,MSFT
2024-08-30,485.37028596584366,491.6481628379874,477.18354730165595,484.4044041862275,484.4044041862275,33994097,MSFT
2024-09-02,481.64991347594383,488.847968230808,471.46922826630816,481.08557802009585,481.08557802009585,59221547,MSFT
2024-09-03,484.29140987299576,488.0668434716474,479.2916822056625,485.2973097822378,485.2973097822378,50196079,MSFT
2024-09-04,482.39012225711053,490.26041010072095,477.6068839301453,482.74465458180003,482.74465458180003,50607609,MSFT
2024-09-05,480.59948662507577,483.93375922091246,475.4692738121209,481.39916687248177,481.39916687248177,28453217,MSFT
2024-09-06,481.1448342059317,488.8685224428585,476.4979503911009,479.8756084336382,479.8756084336382,53170573,MSFT
2024-09-09,470.71069348135524,477.98176448680744,467.6283044543279,470.51683423010945,470.51683423010945,33035561,MSFT
2024-09-10,476.9203666643787,482.05932821527296,472.9308563235633,476.7611076134735,476.7611076134735,31982728,MSFT
2024-09-11,481.1318605908664,489.0666893736867,473.90314503184163,480.3991844124864,480.3991844124864,44778644,MSFT
2024-09-12,473.5373356568066,477.83997786003414,467.2292685568809,473.6854687861746,473.6854687861746,49796219,MSFT
2024-09-13,474.09411447614553,475.061084678012,469.59171690136765,472.1465438522419,472.1465438522419,59097535,MSFT
2024-09-16,479.3761503629043,484.6273397457537,477.28628305892903,480.72329004492633,480.72329004492633,47357566,MSFT
2024-09-17,480.51196870334525,482.970301007108,477.235487634942,480.32535972272,480.32535972272,32658665,MSFT
2024-09-18,483.80524553263444,491.38757508512606,476.59767356449385,483.64450277772846,483.64450277772846,52743340,MSFT
2024-09-19,484.90317363350675,494.0829859255415,478.7488600491747,485.5514197815724,485.5514197815724,59255027,MSFT
2024-09-20,491.2480648303111,494.9481273662109,484.80409331487726,490.2089704030861,490.2089704030861,41753514,MSFT
2024-09-23,483.0985710575938,485.93040427213674,475.310567256179,483.4006784726427,483.4006784726427,34492335,MSFT
2024-09-24,479.526257616063,483.0117705438384,475.1837056446112,478.5181403501772,478.5181403501772,40192138,MSFT
2024-09-25,475.42481302059196,481.39099860169756,469.8079999264658,476.73179337065045,476.73179337065045,51393133,MSFT
2024-09-26,494.39201144139986,500.6951569600347,486.93394181135704,493.51524709682917,493.51524709682917,41051639,MSFT
2024-09-27,497.2667626304144,500.95064559234345,487.5085133158007,497.37105544446393,497.37105544446393,51206771,MSFT
2024-09-30,499.6418591432562,507.10926259647994,496.7476345872542,500.6726385682343,500.6726385682343,35323925,MSFT
2024-10-01,513.1391547517511,519.6974706349539,505.2364761971228,511.95043005082306,511.95043005082306,26282356,MSFT
2024-10-02,507.486094558516,511.58046487334553,500.79614861048793,506.56269002192465,506.56269002192465,46444995,MSFT
2024-10-03,497.2159532514728,505.88016068792984,493.1167284376973,497.7272334421319,497.7272334421319,40415945,MSFT
2024-10-04,498.00008707243364,504.07599996333664,491.24904870202755,498.47849875179935,498.47849875179935,54976036,MSFT
2024-10-07,499.2044607119833,506.5591675816373,491.02838921425683,499.00711133784324,499.00711133784324,57761930,MSFT
2024-10-08,496.1367104566566,500.8847942712159,490.94615676242523,495.6093105399214,495.6093105399214,38967934,MSFT
2024-10-09,497.54829302961963,499.63423092544906,493.5458384878714,496.87733250877403,496.87733250877403,38418619,MSFT
2024-10-10,503.3356179447866,512.5520695956357,498.6195103863204,504.4327742962859,504.4327742962859,44197735,MSFT
2024-10-11,496.6863476406832,505.08579715521864,487.65385946456354,496.1971643831068,496.1971643831068,28022766,MSFT
2024-10-14,495.50924372886755,503.4100329576092,487.1409782748033,495.17378719061065,495.17378719061065,49752379,MSFT
2024-10-15,493.0283731925853,498.240892924235,485.84911750528437,494.4431162904916,494.4431162904916,41006321,MSFT
2024-10-16,498.1617099101778,500.76309495037236,491.64677808850706,497.48647814384435,497.48647814384435,33836272,MSFT
2024-10-17,493.35079355478564,496.4704895637206,488.7196797895407,491.43317109870804,491.43317109870804,31860827,MSFT
2024-10-18,488.21680763763914,493.8858219756281,484.83632679566955,488.8896743575617,488.8896743575617,33099419,MSFT
2024-10-21,486.43853574335196,494.1950378878354,481.82255900457824,486.8401677300919,486.8401677300919,57868448,MSFT
2024-10-22,482.50436572423934,491.03215280358813,475.4574584253925,482.43419725096805,482.43419725096805,51239739,MSFT
2024-10-23,474.5473372867897,479.69287469023584,468.0096247081864,474.6776065352453,474.6776065352453,48974483,MSFT
2024-10-24,473.6093909275796,480.55649227926097,465.3785504203947,473.12594805313637,473.12594805313637,36695265,MSFT
2024-10-25,467.04250615232644,472.76829069915044,458.9025685111013,468.01950028448067,468.01950028448067,36312303,MSFT
2024-10-28,471.96188402260134,474.2439452959342,465.9414704761893,471.3492817841472,471.3492817841472,35422200,MSFT
2024-10-29,462.6321174036881,464.54569186585064,452.76957047225545,461.067886908179,461.067886908179,44019834,MSFT
2024-10-30,459.55582866342866,463.95004428932845,451.5897128324261,458.8535238812632,458.8535238812632,38202414,MSFT
2024-10-31,458.7260847647628,464.51298734311223,455.5831458239061,459.4084695319508,459.4084695319508,29244707,MSFT
2024-11-01,465.7873763931844,470.23582700383326,457.53322961730777,464.89709423389473,464.89709423389473,48083753,MSFT
2024-11-04,467.8170876366728,476.05511500866714,464.60545879262696,469.35962858100396,469.35962858100396,40896702,MSFT
2024-11-05,467.3245770852213,470.39470998037774,465.164796056769,467.554445376956,467.554445376956,51046509,MSFT
2024-11-06,469.53143726103735,472.8918900430807,460.412159096576,469.6033504113135,469.6033504113135,47459856,MSFT
2024-11-07,466.877789619071,476.1782739105383,459.90973117702123,467.472169666863,467.472169666863,53425693,MSFT
2024-11-08,465.9007596871622,475.8963009751912,463.77329934103415,466.7775056569637,466.7775056569637,46250811,MSFT
2024-11-11,470.3479185662418,478.33270516278884,466.83764769446105,470.60829857421425,470.60829857421425,42531396,MSFT
2024-11-12,474.0080864052521,480.3900778271559,468.7936814947141,473.80201509648487,473.80201509648487,57958850,MSFT
2024-11-13,463.38299056259376,470.4258528823648,459.02845493561995,463.4532206840365,463.4532206840365,43425116,MSFT
2024-11-14,465.37702923288657,468.7458114254729,463.179200997495,465.75237795578147,465.75237795578147,35119409,MSFT
2024-11-15,460.9905489892315,464.8079913905489,458.16623410116324,461.1618707177009,461.1618707177009,51789348,MSFT
2024-11-18,463.4523378860236,470.9152699324549,458.9085008152895,462.18097551764646,462.18097551764646,53067555,MSFT
2024-11-19,458.27263355015606,461.6537658541717,455.4656154626181,457.8416638058805,457.8416638058805,45409502,MSFT
2024-11-20,461.460388992375,467.0074117164192,458.77632274723595,461.86483666552897,461.86483666552897,27492877,MSFT
2024-11-21,464.7010170307231,470.78333843558136,461.3030272272324,464.1011596498921,464.1011596498921,45636401,MSFT
2024-11-22,463.8229417185351,471.5410290323228,453.82852249683503,462.5557534129858,462.5557534129858,37994689,MSFT
2024-11-25,457.3045448801524,460.0130503041746,449.78058389325156,457.38044392666393,457.38044392666393,25107771,MSFT
2024-11-26,456.1433589223325,462.4930331251548,450.99296849284667,455.66553056270266,455.66553056270266,29706168,MSFT
2024-11-27,458.4078634305485,464.0013264857059,452.5876388445698,458.4074497089558,458.4074497089558,32454866,MSFT
2024-11-28,458.6146753718785,463.1883633971619,451.8009631656514,457.42934419048385,457.42934419048385,41532656,MSFT
2024-11-29,458.2608743315039,462.1823869564017,452.58917870535925,459.2033866435578,459.2033866435578,58605900,MSFT
2024-12-02,458.8464246882251,465.2211842204259,451.0954084113934,457.093678541399,457.093678541399,28994478,MSFT
2024-12-03,451.56267680980943,460.39637146995545,449.686403134004,452.1909216191932,452.1909216191932,29880341,MSFT
2024-12-04,452.6650073382581,455.0497923881995,446.2931498152592,451.5566747866752,451.5566747866752,38293698,MSFT
2024-12-05,449.31662624416543,455.3879514171148,446.03649007818984,449.76444920107866,449.76444920107866,28473662,MSFT
2024-12-06,448.04700726886864,454.3688165362413,442.3195222107134,448.42709113652694,448.42709113652694,44517814,MSFT
2024-12-09,455.78086226868857,460.4275466900006,449.8956292361686,456.5388259462532,456.5388259462532,59877190,MSFT
2024-12-10,452.8399345928592,455.5490681264122,448.55328740456343,452.7196187234143,452.7196187234143,52059818,MSFT
2024-12-11,457.0218766278814,461.944581820387,455.81236136360553,458.2014951995324,458.2014951995324,43791817,MSFT
2024-12-12,464.7117231057945,471.39962371626297,459.3469049897956,465.0200677512548,465.0200677512548,33356950,MSFT
2024-12-13,462.6295230369697,467.9582426696809,456.95432198842315,461.8901436497025,461.8901436497025,30958334,MSFT
2024-12-16,464.36045333751025,466.7898261947884,461.2991250467736,463.9912739012753,463.9912739012753,51129956,MSFT
2024-12-17,455.70258948221664,463.80479540978615,451.3377971569556,455.0015582172935,455.0015582172935,47389547,MSFT
2024-12-18,462.2613195631548,467.2129797165014,456.33208591195677,461.90615921086186,461.90615921086186,42864852,MSFT
2024-12-19,464.1306876603111,467.9123839605892,456.69802877844137,464.0147158159638,464.0147158159638,29946037,MSFT
2024-12-20,465.8415637643244,467.46443987698547,456.1838593174076,464.40007829187783,464.40007829187783,39519771,MSFT
2024-12-23,466.21633370091035,472.25582732519,461.9106436897049,464.5926792925775,464.5926792925775,42545099,MSFT
2024-12-24,466.315641682723,469.58823579932914,456.7514092349746,465.1519968095669,465.1519968095669,35741923,MSFT
2024-12-25,473.09590659617163,479.7210350586329,469.4470593503019,471.96320907524176,471.96320907524176,27429986,MSFT
2024-12-26,467.0283259197536,476.7824109688052,460.9713264318782,467.6350641591255,467.6350641591255,57671262,MSFT
2024-12-27,468.14115995878126,470.3367379863561,459.40204398022036,466.2475358747363,466.2475358747363,58825656,MSFT
2024-12-30,458.2975175909269,464.59097970968827,455.2644024905476,458.6119864523086,458.6119864523086,44121938,MSFT
2024-12-31,466.72277336558756,473.944236487884,460.72898967098405,466.2164900810232,466.2164900810232,27924481,MSFT
2025-01-01,465.250609036926,467.8422161144346,460.9753742630584,464.5852658889551,464.5852658889551,43379062,MSFT
2025-01-02,461.8084267476109,468.44392610455395,457.397176190355,463.04464114637756,463.04464114637756,51779391,MSFT
2025-01-03,464.8709071247385,471.8373150602851,459.2395739761879,464.5913586955444,464.5913586955444,47967827,MSFT
2025-01-06,479.1955058780981,484.88899639250235,474.93332918922556,479.5004429519999,479.5004429519999,30067681,MSFT
2025-01-07,475.4620897030771,482.3260433301663,468.8535451163506,473.94068986855405,473.94068986855405,52915312,MSFT
2025-01-08,474.73580545070934,483.5564371876638,464.86938560560407,474.0796221458876,474.0796221458876,49944760,MSFT
2025-01-09,473.433355533653,479.71620761991335,468.1457469812609,473.87216716280625,473.87216716280625,34486168,MSFT
2025-01-10,475.9386840009033,484.124475953979,474.069417178603,476.6705537879972,476.6705537879972,56398146,MSFT
2025-01-13,473.189745235239,477.67793834093266,469.72733971589275,474.1554622930735,474.1554622930735,47939800,MSFT
2025-01-14,484.1624034731519,489.326263732759,475.56860557163674,483.53433104767134,483.53433104767134,45365638,MSFT
2025-01-15,479.33122067355305,483.6600298011755,477.64008768853125,480.4556203151059,480.4556203151059,25819373,MSFT
2025-01-16,480.0768793117811,489.56529356227134,477.0462831984031,480.60979434332575,480.60979434332575,55203472,MSFT
2025-01-17,481.4362592733795,490.1979534023035,479.097573717189,482.05263178907364,482.05263178907364,55926355,MSFT
2025-01-20,483.67729595648603,490.20910660791935,478.0980659818453,483.36477321566656,483.36477321566656,27675081,MSFT
2025-01-21,486.01351377164417,487.67112742463286,482.22556654900984,484.9985052020298,484.9985052020298,25143534,MSFT
2025-01-22,482.69652069624897,485.5580320077284,474.10728354782276,483.01704717642434,483.01704717642434,43318823,MSFT
2025-01-23,477.2724468669048,480.1181426171308,474.7681974881089,477.25833274656935,477.25833274656935,57276071,MSFT
2025-01-24,474.447162762592,479.39105460219366,468.2433986256329,475.529345937118,475.529345937118,31448039,MSFT
2025-01-27,477.7312619395177,486.0514779910532,472.3306788000987,478.300459862145,478.300459862145,52500013,MSFT
2025-01-28,470.38259388000404,476.6550166600849,463.9782306120154,470.0468058397965,470.0468058397965,36611107,MSFT
2025-01-29,467.3334363023142,476.20742488870377,464.50335926288125,467.290770218103,467.290770218103,50046253,MSFT
2025-01-30,467.69803547416313,471.7512718824002,459.52209804679296,468.57924890879804,468.57924890879804,39794375,MSFT
2025-01-31,463.97282827858334,472.30332421675195,459.5781026267955,463.32392537489727,463.32392537489727,44647483,MSFT
2025-02-03,464.9310034018162,469.53292135243316,456.0708657575544,463.94468015589587,463.94468015589587,57404076,MSFT
2025-02-04,467.486359567452,475.1618888077366,463.7103862891277,467.9507451344334,467.9507451344334,25022752,MSFT
2025-02-05,467.632240432837,472.6480376920171,461.60786635320346,468.562563886053,468.562563886053,32179095,MSFT
2025-02-06,455.23711097041866,457.2722191877778,445.64269820342747,454.5759673310992,454.5759673310992,51499063,MSFT
2025-02-07,462.56503565075803,470.98523784619874,453.4272136833052,462.4287639375426,462.4287639375426,56430463,MSFT
2025-02-10,458.3179202600118,465.2255653659314,450.50561181540377,458.65211107076095,458.65211107076095,28818814,MSFT
2025-02-11,457.82169852928695,463.224888119279,454.5882661126504,459.17214823761674,459.17214823761674,29503747,MSFT
2025-02-12,463.9540280662716,468.04863818066156,456.8957510010254,464.3180390312616,464.3180390312616,54594738,MSFT
2025-02-13,466.05639328520675,468.9493362102591,461.279419469751,465.7545073016526,465.7545073016526,59322537,MSFT
2025-02-14,452.1352652481548,455.70781601735814,446.5506937334778,452.24415518995386,452.24415518995386,35920990,MSFT
2024-02-15,120.33889035814069,121.64465658846949,118.87043274333612,120.0,120.0,47830989,NVDA
2024-02-16,119.2253543673392,120.81686085798857,118.85929769434682,119.46175893180803,119.46175893180803,52828172,NVDA
2024-02-19,119.93867916342114,121.16902236655008,118.60587585775205,120.17401029879557,120.17401029879557,48652335,NVDA
2024-02-20,119.96267797010523,122.31835099976051,118.09558217628563,120.29084559606983,120.29084559606983,57864777,NVDA
2024-02-21,120.94804584518486,123.09026263544054,120.73686652618709,121.38673751509731,121.38673751509731,27749753,NVDA
2024-02-22,121.43966039426493,122.4928673686088,119.39994282183227,121.33917127504789,121.33917127504789,52629265,NVDA
2024-02-23,120.11840696983126,122.40127691908191,119.2184766230051,120.47603907472,120.47603907472,35049504,NVDA
2024-02-26,121.68898892120428,122.41326462549567,119.29179525366273,121.6322496797676,121.6322496797676,55076904,NVDA
2024-02-27,120.04888545153226,121.91032445617232,118.33644410223927,120.2393010913733,120.2393010913733,33973487,NVDA
2024-02-28,119.47886054077725,120.4200024004183,118.55479167505445,119.8072410643653,119.8072410643653,30481458,NVDA
2024-02-29,119.66691845905873,121.68336224426005,118.24663428881473,119.81798088047215,119.81798088047215,42080477,NVDA
2024-03-01,118.82492203779542,120.20560966538889,117.83313764411321,118.61372258949208,118.61372258949208,39819666,NVDA
2024-03-04,118.90732571130147,120.35531360850854,117.95056119517405,118.98415123126968,118.98415123126968,27938876,NVDA
2024-03-05,118.17334972745964,119.77128132132859,117.85121451428518,118.46971474004218,118.46971474004218,43137574,NVDA
2024-03-06,119.00691680949085,119.56205925099768,116.93214304610906,118.78376077098244,118.78376077098244,52727265,NVDA
2024-03-07,119.13888440067896,119.99016322328919,117.86898945938228,118.79336081261806,118.79336081261806,30005397,NVDA
2024-03-08,118.54181909335452,121.07795846735884,116.64355050327333,118.93496876273636,118.93496876273636,37308048,NVDA
2024-03-11,118.7542536153902,119.34404074420512,117.46559875817425,118.38370797544401,118.38370797544401,27812530,NVDA
2024-03-12,119.18844698257766,121.11666800672978,118.13151442172789,119.20967387382251,119.20967387382251,51275007,NVDA
2024-03-13,119.44906528222367,120.60142312112418,117.77753077317982,119.34502744973211,119.34502744973211,57803005,NVDA
2024-03-14,120.66472344395426,122.70882299415625,119.07113424218518,120.9165673552371,120.9165673552371,41455231,NVDA
2024-03-15,119.55681769001252,121.58640873982174,117.56871743834819,119.85570949294755,119.85570949294755,44147121,NVDA
2024-03-18,119.2804596399268,121.24078836971505,118.44015074583068,119.2535282290816,119.2535282290816,38799596,NVDA
2024-03-19,118.56147719962173,119.53497159588238,117.63938232558147,118.44904657131458,118.44904657131458,45856666,NVDA
2024-03-20,117.48766864311705,119.09500905418626,115.7219218892314,117.42144381762883,117.42144381762883,53437535,NVDA
2024-03-21,115.66556953144148,117.22583663182839,113.58627423960424,115.1849724100279,115.1849724100279,40085632,NVDA
2024-03-22,116.77993975172299,117.7995254892966,115.23061327592839,116.92970091907424,116.92970091907424,38163223,NVDA
2024-03-25,116.37369757945199,117.8075222442217,115.44400503659378,116.29064094395329,116.29064094395329,33319739,NVDA
2024-03-26,113.65530601391043,114.65218496974457,111.33999721188934,113.10283472000745,113.10283472000745,49041443,NVDA
2024-03-27,113.74655535500021,114.78494873952488,111.29870245033594,113.54008829047987,113.54008829047987,44085371,NVDA
2024-03-28,111.84594443698887,113.86826897223341,110.21765433128569,111.77893620006697,111.77893620006697,56113917,NVDA
2024-03-29,112.77702014124026,114.59109476230884,111.61193499623457,112.75022083710738,112.75022083710738,42864953,NVDA
2024-04-01,114.55407082183834,116.28499494392656,112.83088943337788,114.62386490951359,114.62386490951359,51693816,NVDA
2024-04-02,112.42402730350014,113.15633947971203,111.86699151047978,112.48674009564205,112.48674009564205,47302081,NVDA
2024-04-03,113.03042994633061,113.62387426249832,111.66514632341357,112.94389941257687,112.94389941257687,51998675,NVDA
2024-04-04,114.39123053246267,116.30021701444595,113.13141984136456,114.09300680607299,114.09300680607299,34341071,NVDA
2024-04-05,114.7333148257858,117.34462621304446,114.20153659075137,115.09464735761678,115.09464735761678,49192797,NVDA
2024-04-08,115.85365955321092,116.43430910367907,114.51234480940788,115.68707702862632,115.68707702862632,25823059,NVDA
2024-04-09,113.9043839120479,115.94894961965372,112.64023787891534,113.76379458575927,113.76379458575927,35246559,NVDA
2024-04-10,113.31040793547469,113.54343187437385,110.98396454769859,112.95477389834271,112.95477389834271,32002049,NVDA
2024-04-11,113.61063685244643,114.08720725356264,112.21344557337738,113.46563509320426,113.46563509320426,53545997,NVDA
2024-04-12,113.23217167877289,115.54657745436108,111.78600762893295,113.38263466066275,113.38263466066275,42283560,NVDA
2024-04-15,115.11365297823643,116.3813117338758,113.4595397438268,115.05538669008632,115.05538669008632,51398648,NVDA
2024-04-16,112.54764678262262,114.12112649541714,110.62372444160084,112.5070943846635,112.5070943846635,53090041,NVDA
2024-04-17,112.95231746421017,115.12220865881594,110.91119247598023,113.07025110955863,113.07025110955863,40688730,NVDA
2024-04-18,114.4558925412455,115.52356667519098,112.60629264801807,114.7650956011553,114.7650956011553,54175071,NVDA
2024-04-19,115.23974602986884,116.47812494775346,113.49484801856495,115.15643637485486,115.15643637485486,41426078,NVDA
2024-04-22,115.89043765049213,116.50490135830077,113.80378212257376,115.65948152084995,115.65948152084995,39857424,NVDA
2024-04-23,115.34249100253392,116.54495117468369,114.54080681534842,115.63251941884907,115.63251941884907,41472768,NVDA
2024-04-24,116.14649062955526,117.89393913803086,114.46254923118889,115.81556927356041,115.81556927356041,45369981,NVDA
2024-04-25,115.35480587329717,117.00280857326861,114.18921800012403,115.30517703482941,115.30517703482941,57364487,NVDA
2024-04-26,118.35144324117488,119.19502688480426,116.50863002932608,118.3474964049839,118.3474964049839,44878278,NVDA
2024-04-29,116.59490958014993,118.92004498745958,116.22238687936719,116.91338147765806,116.91338147765806,28412906,NVDA
2024-04-30,117.05550221442306,118.31889171851412,115.4443915404678,117.18968440320066,117.18968440320066,41276095,NVDA
2024-05-01,117.83954192997919,119.96861305493121,116.57174121844449,117.80309803556996,117.80309803556996,34103679,NVDA
2024-05-02,118.58853156148918,120.487770635201,117.59884728363367,118.6569875611541,118.6569875611541,51416156,NVDA
2024-05-03,119.01655097104485,119.51771860249475,116.45592556028822,118.65134052116865,118.65134052116865,54756319,NVDA
2024-05-06,118.90273627438047,119.95281506424382,116.59934427108168,118.96051539784588,118.96051539784588,49130535,NVDA
2024-05-07,121.27519327130643,122.43437396485675,119.07160627371736,120.9865444963044,120.9865444963044,27904723,NVDA
2024-05-08,119.3948914205253,120.9813002527232,117.66436803292976,119.50016995356101,119.50016995356101,25483236,NVDA
2024-05-09,116.93130122027979,119.47672511383713,116.33070192364113,117.30317050149826,117.30317050149826,34849114,NVDA
2024-05-10,117.75735447064028,119.55972592610314,116.72007466254783,117.99382060711064,117.99382060711064,32926183,NVDA
2024-05-13,118.32622838461982,119.98053007843042,117.05006331728578,118.19788953130046,118.19788953130046,40415064,NVDA
2024-05-14,119.1990495257175,120.41889869393422,117.01735120764609,119.17907821170093,119.17907821170093,27108021,NVDA
2024-05-15,118.43051877718513,120.81021762847645,116.88212572736926,118.51890410839849,118.51890410839849,28621869,NVDA
2024-05-16,119.25162975466974,120.9101557698901,117.31526073809614,119.13232378909287,119.13232378909287,36452274,NVDA
2024-05-17,117.27015619132938,119.21388309733221,115.38493519056901,117.11056529308411,117.11056529308411,51363472,NVDA
2024-05-20,118.4201701966834,119.88192804279156,117.26922276448097,118.39909710475968,118.39909710475968,29158150,NVDA
2024-05-21,118.19104411991034,120.63723866072414,117.88053545859403,118.53631149691526,118.53631149691526,28348148,NVDA
2024-05-22,118.77668927015748,120.1930517749272,116.90561911424479,118.87089997010966,118.87089997010966,29721442,NVDA
2024-05-23,119.05932118195058,121.36300669370578,117.42772085283134,118.99954852152419,118.99954852152419,46216210,NVDA
2024-05-24,120.04170714112,121.05903135556315,118.436229938373,120.0009837739009,120.0009837739009,35757114,NVDA
2024-05-27,119.51547883540805,121.70609965652746,117.29954543206767,119.67564450413215,119.67564450413215,46022794,NVDA
2024-05-28,118.52565250725067,119.08716559325116,117.29973080442969,118.47397721128634,118.47397721128634,45026752,NVDA
2024-05-29,116.85461921150086,118.75669707594508,114.96280940830013,116.922713694232,116.922713694232,52656885,NVDA
2024-05-30,116.50677116091303,117.79296864941394,114.65890586366,116.46625279810557,116.46625279810557,36152992,NVDA
2024-05-31,116.84321801418368,119.08700457860408,114.88538739222261,117.09981974139174,117.09981974139174,32088374,NVDA
2024-06-03,115.11330557714092,116.96216325068724,114.38866080467587,115.06142688424485,115.06142688424485,50564773,NVDA
2024-06-04,115.79543063171823,117.4086842525604,114.59871458592573,115.96924012646258,115.96924012646258,51821401,NVDA
2024-06-05,115.7048944755672,117.05734546689384,113.65857065231893,115.71819996298974,115.71819996298974,52762891,NVDA
2024-06-06,114.39180767772784,115.37397659009527,113.92279984344947,114.57095431441473,114.57095431441473,56729638,NVDA
2024-06-07,114.14646507866858,115.04925193880567,112.6069730563165,114.10819038284801,114.10819038284801,51935699,NVDA
2024-06-10,113.50049434241127,115.66147967455935,112.56090338160716,113.88026596398426,113.88026596398426,52589128,NVDA
2024-06-11,113.51556070397542,114.50560666056012,111.55965921865975,113.53550129544765,113.53550129544765,26426558,NVDA
2024-06-12,115.12405611717509,117.32973349782142,113.74708931170497,115.40002444254176,115.40002444254176,59376356,NVDA
2024-06-13,116.06942309249685,117.93210792193004,114.39329165155058,115.8372017768788,115.8372017768788,36143864,NVDA
2024-06-14,113.95494325196574,115.32593943700064,113.14232801345383,114.61202748102366,114.61202748102366,49890520,NVDA
2024-06-17,114.65338082052018,115.3059436009629,113.48109094669789,114.55968794094355,114.55968794094355,58234680,NVDA
2024-06-18,115.35767471824411,116.38729643214971,114.54465327961033,115.33853082471019,115.33853082471019,48033317,NVDA
2024-06-19,115.70013454034472,117.82099211143381,114.47820394631853,115.60386203596295,115.60386203596295,43602267,NVDA
2024-06-20,116.27168446544444,116.94589037962551,115.11847237620084,115.99849820960695,115.99849820960695,54673695,NVDA
2024-06-21,116.51390725594462,118.02101523985088,115.84842480472601,116.67134733922649,116.67134733922649,56884221,NVDA
2024-06-24,115.72812889126192,117.4308724268198,114.13718492658882,115.65868615013065,115.65868615013065,58390786,NVDA
2024-06-25,116.91577563905517,118.10540868019008,115.80470207291646,116.65643211440606,116.65643211440606,52120540,NVDA
2024-06-26,114.80476395779674,116.6433235089996,112.55885897110772,114.80822554776489,114.80822554776489,44154792,NVDA
2024-06-27,114.68792489924246,116.1761366527918,114.08592815267286,114.7291013442546,114.7291013442546,57247692,NVDA
2024-06-28,113.03745906084303,114.66096856091521,110.6645236905752,112.85461013114482,112.85461013114482,57478179,NVDA
2024-07-01,112.86558750733394,113.70983792981002,111.4974630689304,113.01576477413593,113.01576477413593,27058124,NVDA
2024-07-02,111.8083815157501,114.09434339248105,111.1098541732472,111.9141267805244,111.9141267805244,30058039,NVDA
2024-07-03,113.1724146918303,115.12422262948343,111.5636348459985,113.40189266181589,113.40189266181589,52934811,NVDA
2024-07-04,113.87993423762013,115.54615398496337,112.25558308366014,113.84758253895421,113.84758253895421,43165309,NVDA
2024-07-05,113.46111953143505,115.30692192090692,111.65336079700812,113.275368106208,113.275368106208,45324140,NVDA
2024-07-08,113.6166321939306,115.27041835610565,112.00082394619257,113.65409069427149,113.65409069427149,32756155,NVDA
2024-07-09,112.42485326723867,113.40032283344011,111.25367450126485,112.76749613693632,112.76749613693632,34948173,NVDA
2024-07-10,112.56301615692318,114.52193966889203,110.58096920643413,112.79399782540239,112.79399782540239,58553443,NVDA
2024-07-11,111.58014822406376,112.7268584959055,110.7245024353844,111.4109682125477,111.4109682125477,28517115,NVDA
2024-07-12,112.80903613682311,114.97286209268901,111.61221651951797,113.02004079091414,113.02004079091414,56711758,NVDA
2024-07-15,112.44230954774933,114.27726763393645,110.10039611524347,112.28625492946244,112.28625492946244,29594428,NVDA
2024-07-16,112.28931492882761,112.91970741981311,110.16390455581613,111.698122044288,111.698122044288,28110851,NVDA
2024-07-17,111.7708172040513,113.24402479426307,111.0162644620874,111.85643197861603,111.85643197861603,39390864,NVDA
2024-07-18,111.66028575077945,112.3326430057908,110.71560661695545,111.33263156408975,111.33263156408975,43768161,NVDA
2024-07-19,111.781680713823,114.02313216034777,110.1236431572764,111.98835902778927,111.98835902778927,30550290,NVDA
2024-07-22,114.72439745029064,116.59841549825529,113.30592398260322,115.07161318537119,115.07161318537119,25853305,NVDA
2024-07-23,116.0971831568512,117.96144249115945,113.7983926083959,116.02698386970557,116.02698386970557,43051068,NVDA
2024-07-24,116.39979514934105,117.43146640415657,114.22526779478852,116.30786739769376,116.30786739769376,47490405,NVDA
2024-07-25,118.24845040480378,120.08633193852383,117.28984257631828,118.01976312013063,118.01976312013063,34875993,NVDA
2024-07-26,117.28217962373625,118.90659196473909,115.45723320181028,117.2999027308238,117.2999027308238,28449326,NVDA
2024-07-29,117.38221933048705,119.02495277514737,116.24718871333106,117.5751963383939,117.5751963383939,27148685,NVDA
2024-07-30,118.54800695652803,120.50594675941039,117.24663693764431,119.0648110801214,119.0648110801214,49989667,NVDA
2024-07-31,119.88525715660157,121.68217839442106,118.85986375087226,119.80944771878421,119.80944771878421,54891669,NVDA
2024-08-01,120.95523761850815,122.28148011321396,119.03409489483118,120.69994721226843,120.69994721226843,48214663,NVDA
2024-08-02,119.89081412722037,120.4556369059405,117.92485679157097,119.60620597124039,119.60620597124039,35458838,NVDA
2024-08-05,119.42781701414468,121.52811519929176,118.06353903313256,119.61057139836147,119.61057139836147,53196435,NVDA
2024-08-06,119.76965295238159,121.21930210382592,118.27867075498054,119.96319819291591,119.96319819291591,59264543,NVDA
2024-08-07,119.13922429358031,120.29994521475813,117.29259553272676,118.99639938745754,118.99639938745754,54642271,NVDA
2024-08-08,118.73615545762165,120.51051483141222,117.75064477853057,119.17390009718507,119.17390009718507,37555539,NVDA
2024-08-09,120.28648192516108,122.374917856973,118.99806532491573,120.05718058404423,120.05718058404423,47124725,NVDA
2024-08-12,119.4899477038195,121.01089041325739,119.20303408883547,119.87805732950139,119.87805732950139,40714730,NVDA
2024-08-13,119.12195285818632,120.84626447221596,117.09932494638379,119.13388959564391,119.13388959564391,46714975,NVDA
2024-08-14,118.8881100261992,120.4311806426639,117.37971925799775,118.69090606493616,118.69090606493616,43806993,NVDA
2024-08-15,119.33109594250229,120.18830528131858,116.96629764730729,119.2873642628073,119.2873642628073,27007234,NVDA
2024-08-16,120.66808924916513,122.0966111718206,118.09342180810037,120.28014349014363,120.28014349014363,44552619,NVDA
2024-08-19,120.16680728996623,122.2909550070616,119.81317625660871,120.53079228312008,120.53079228312008,48129389,NVDA
2024-08-20,120.0697638367682,121.54246682182719,117.8768796915298,120.17616788612872,120.17616788612872,59626117,NVDA
2024-08-21,121.3856889116153,123.17377240156176,120.94066996147049,121.57813271543058,121.57813271543058,50746174,NVDA
2024-08-22,121.26230311684517,123.47844057414527,119.38251932604176,121.19768959920414,121.19768959920414,59766449,NVDA
2024-08-23,120.53617575824768,121.85060216025546,119.71465003973955,120.61134007082032,120.61134007082032,30710616,NVDA
2024-08-26,122.64574121948117,123.33624826400812,121.89886457029947,122.64053473067266,122.64053473067266,27705503,NVDA
2024-08-27,121.18247663243027,123.31707665995245,119.7485785302353,121.35951992872566,121.35951992872566,29801846,NVDA
2024-08-28,120.7593754080646,122.94952835449122,119.86214534722372,120.86035463870493,120.86035463870493,27577015,NVDA
2024-08-29,121.45338335644854,122.26873309462675,119.02356745023559,121.34075524857825,121.34075524857825,47702741,NVDA
2024-08-30,121.0855884281677,121.71039557468119,119.66712036645764,121.016162544235,121.016162544235,30712424,NVDA
2024-09-02,121.77512770910262,123.3173055567,119.84294162817193,121.83912591379962,121.83912591379962,42897868,NVDA
2024-09-03,124.16003685784794,126.32924015829788,122.94311855148491,124.00481985434035,124.00481985434035,56883302,NVDA
2024-09-04,123.83972985537015,124.99112213097723,121.55030952114167,123.73707824083147,123.73707824083147,49211903,NVDA
2024-09-05,124.53915302067186,126.05281851584336,123.40299371448201,124.63461528970682,124.63461528970682,28262197,NVDA
2024-09-06,125.6546730762201,127.960647155974,124.47553977149819,125.90266879112247,125.90266879112247,53352139,NVDA
2024-09-09,127.09735378207186,128.492702369161,124.44090164427685,126.87618649187786,126.87618649187786,53676372,NVDA
2024-09-10,124.38733642041498,125.62479183252213,121.84973811396713,124.30489936184496,124.30489936184496,29141328,NVDA
2024-09-11,123.51309764213747,125.15447802038419,121.42767124110689,123.66946807590202,123.66946807590202,36931696,NVDA
2024-09-12,121.75839492931492,123.17582607299889,120.78306401567895,122.13838298267876,122.13838298267876,49748088,NVDA
2024-09-13,120.72307203272165,122.99401128777261,119.8531961579539,121.11781811133649,121.11781811133649,55792871,NVDA
2024-09-16,120.01964355433927,120.95867307162196,119.05220539989614,120.06772712398448,120.06772712398448,48777805,NVDA
2024-09-17,121.47462294442842,122.59843664634384,119.7404929771535,121.24817420515116,121.24817420515116,37517057,NVDA
2024-09-18,120.57905701200579,121.63798440103618,118.49532279142448,120.86747820296783,120.86747820296783,31770400,NVDA
2024-09-19,117.83653283414826,119.14286013127612,116.88242335810362,118.20335641829662,118.20335641829662,38797062,NVDA
2024-09-20,119.66364847756056,120.76223625522722,118.22944207962433,119.64793593244477,119.64793593244477,48560933,NVDA
2024-09-23,119.47341035915234,120.73467591110524,118.71575630980936,119.31286333768577,119.31286333768577,51017440,NVDA
2024-09-24,118.24069708680732,119.95357214944387,116.70964141523824,118.23042846500292,118.23042846500292,51404050,NVDA
2024-09-25,118.8661510910769,119.374679608396,116.45121875890773,118.41078977416129,118.41078977416129,37095819,NVDA
2024-09-26,119.16332109728816,120.90040486739262,117.88791117590452,119.19359706833569,119.19359706833569,59980449,NVDA
2024-09-27,119.84743001948463,121.5703347976285,118.03805709647426,120.12405674462426,120.12405674462426,40027788,NVDA
2024-09-30,120.62012746231552,122.8310518305894,119.68325298099346,120.97415414950889,120.97415414950889,33567444,NVDA
2024-10-01,119.92482072183232,120.73757402540888,117.5322758676559,119.78632091101935,119.78632091101935,49509466,NVDA
2024-10-02,118.105484187714,119.3070028268136,116.99571818093068,118.29473301007306,118.29473301007306,34804968,NVDA
2024-10-03,117.71351450508847,118.79789377138776,115.91585924435863,117.63772929074045,117.63772929074045,42114271,NVDA
2024-10-04,115.29388793569458,115.91666016109842,113.44687549868179,115.33166688412936,115.33166688412936,50388192,NVDA
2024-10-07,116.93107651780406,118.59699683025762,115.26414206531577,116.40318913635967,116.40318913635967,36642166,NVDA
2024-10-08,116.31297833624147,117.61500067781122,114.71672228849604,116.33744311158293,116.33744311158293,34503067,NVDA
2024-10-09,115.60172876903587,116.60125467872446,114.28981795740955,115.44208355165921,115.44208355165921,35263012,NVDA
2024-10-10,115.83823198734868,118.10118037572273,115.16992606396273,115.8695058601722,115.8695058601722,26757148,NVDA
2024-10-11,116.92970623870328,117.92900828792763,115.29667853842909,116.90144690189734,116.90144690189734,43227268,NVDA
2024-10-14,119.1666533310724,120.36665740066532,117.76448028859973,119.14882532942647,119.14882532942647,58774714,NVDA
2024-10-15,120.5935734175777,121.60116933629607,120.0570429480266,120.76708474157337,120.76708474157337,31399216,NVDA
2024-10-16,120.79108113341141,122.79881355018304,119.37991938664261,120.41722176808143,120.41722176808143,46520002,NVDA
2024-10-17,121.5928335842141,122.19239081823214,119.54924895725684,121.41282996953355,121.41282996953355,54822974,NVDA
2024-10-18,122.69494961739821,124.19110035851067,121.69779265372036,122.63802714805001,122.63802714805001,40081598,NVDA
2024-10-21,122.17291378943405,123.21522161027357,120.03998676222147,122.02961890037584,122.02961890037584,27589979,NVDA
2024-10-22,123.19563887221726,125.86310885747109,122.31231412483098,123.41948057094112,123.41948057094112,46179912,NVDA
2024-10-23,124.30490574894671,125.95013860005189,122.37896979274143,123.76801900092391,123.76801900092391,25354335,NVDA
2024-10-24,125.7364325594676,127.90169159676765,124.29089046459559,125.59854144403758,125.59854144403758,27069772,NVDA
2024-10-25,126.08843590006342,126.44889436553137,123.82890990964512,125.81094222887667,125.81094222887667,58497533,NVDA
2024-10-28,128.55626398395316,129.27938166729652,126.81063817479864,128.33899776052291,128.33899776052291,26116616,NVDA
2024-10-29,127.93761917662391,129.64860694467416,127.04565187342133,127.93754476763984,127.93754476763984,31687583,NVDA
2024-10-30,127.8714305095407,129.07485451997135,125.43261663588535,127.81976012015072,127.81976012015072,37081493,NVDA
2024-10-31,126.03054720828997,127.60090409682937,124.52461754240194,126.30021883747811,126.30021883747811,52459685,NVDA
2024-11-01,125.47090476975696,126.61235138528498,125.09860847519711,125.94671890027296,125.94671890027296,35002404,NVDA
2024-11-04,124.78323105249953,126.60144755960208,123.2806016547893,124.48656305047551,124.48656305047551,43332927,NVDA
2024-11-05,122.23827187501833,123.99989364566218,120.5035763001892,122.04565231691983,122.04565231691983,56783257,NVDA
2024-11-06,118.45163491981985,119.99355761055213,117.49147274966829,119.01319540137496,119.01319540137496,36586880,NVDA
2024-11-07,120.20997365966771,121.23676127332713,118.26571992355447,120.08605684529145,120.08605684529145,58003512,NVDA
2024-11-08,121.42849566578109,123.38602425405627,119.94473931792231,121.38437863831216,121.38437863831216,29209197,NVDA
2024-11-11,122.91227228287717,124.32516316277786,121.23438568540412,123.17313654074205,123.17313654074205,53227894,NVDA
2024-11-12,122.6508025948226,123.93460903564056,120.78011008569207,122.54291628179502,122.54291628179502,35283366,NVDA
2024-11-13,122.39901467007844,123.04026220965783,121.52398871448266,122.31570113531092,122.31570113531092,37942939,NVDA
2024-11-14,124.14033218695674,126.324641526694,122.69508963798714,123.96307189098751,123.96307189098751,59531241,NVDA
2024-11-15,121.98900713675012,124.19901501540632,119.76866408924936,121.91246294049756,121.91246294049756,28781281,NVDA
2024-11-18,120.45500097203215,120.85782257360168,118.95274768630664,120.10461964151021,120.10461964151021,37442763,NVDA
2024-11-19,121.70864597129201,123.96537763515472,120.74924902136752,121.55811047695987,121.55811047695987,49442867,NVDA
2024-11-20,118.90586720214316,121.3736738220399,117.68246762942175,119.19014364911402,119.19014364911402,46342300,NVDA
2024-11-21,118.95020285026409,119.92709979520157,118.17960209702353,119.05938474489216,119.05938474489216,59441755,NVDA
2024-11-22,118.7437635693624,121.04348126588653,117.29699776296272,118.84317282010088,118.84317282010088,54086428,NVDA
2024-11-25,118.45912711899801,119.76911268946581,118.1073063992806,118.77436363966733,118.77436363966733,44711040,NVDA
2024-11-26,117.00743624727467,117.71820663161269,115.85593921972492,116.48694277766916,116.48694277766916,49982003,NVDA
2024-11-27,116.38454792702986,116.84521590129245,114.88402386328814,116.11877422939415,116.11877422939415,58241807,NVDA
2024-11-28,117.0786557066911,117.97061664347838,115.99940168277534,116.59418468234539,116.59418468234539,45661757,NVDA
2024-11-29,118.85306511329868,120.85802891877574,118.68985125191998,119.29132254446719,119.29132254446719,49257891,NVDA
2024-12-02,119.95589093295924,121.54322857849154,118.29376541223627,120.13336277652998,120.13336277652998,27390515,NVDA
2024-12-03,120.75921211053006,122.34445800355346,119.15192776249896,120.7340571822465,120.7340571822465,31839724,NVDA
2024-12-04,119.68991632976835,120.6282352818565,118.37113421203333,119.67582720573576,119.67582720573576,35760775,NVDA
2024-12-05,120.15294320607157,121.2547491905386,118.54090510671476,120.05555651007381,120.05555651007381,39654288,NVDA
2024-12-06,119.48536164885411,121.63751337938733,118.04269994355501,119.58673430483721,119.58673430483721,52700691,NVDA
2024-12-09,118.88489347401529,119.52169534208868,118.20833066778852,118.8764089937802,118.8764089937802,27364551,NVDA
2024-12-10,118.93701352837527,120.08034472898642,117.61562106279071,118.88907149112339,118.88907149112339,32414726,NVDA
2024-12-11,117.56436529803561,118.56819826974532,115.54831427927942,117.64509338380753,117.64509338380753,47891163,NVDA
2024-12-12,116.86831609614651,117.92202825272334,114.85501516079701,116.94306195463591,116.94306195463591,32243163,NVDA
2024-12-13,116.8584261137292,119.27050123659284,115.34727339794543,117.05605914407315,117.05605914407315,45500793,NVDA
2024-12-16,117.31945525797136,118.23729169731735,115.96623752481747,117.02428267744017,117.02428267744017,48210830,NVDA
2024-12-17,117.44268746601715,119.09006874102161,116.37926594880409,117.89295248011797,117.89295248011797,35072180,NVDA
2024-12-18,117.95489503681497,118.88527568207316,115.77564718047007,117.41465231712212,117.41465231712212,47290901,NVDA
2024-12-19,118.40239059788144,119.74949334337605,117.45377944321791,118.38170748436926,118.38170748436926,44881794,NVDA
2024-12-20,117.916194213076,119.07632271953817,116.80942284097884,118.0659879201001,118.0659879201001,29813249,NVDA
2024-12-23,117.26668535769468,119.7210345623523,116.79089944813374,117.51270753546771,117.51270753546771,31611553,NVDA
2024-12-24,118.77853282882869,119.66452029441183,117.34514060126524,118.60962048135264,118.60962048135264,56663638,NVDA
2024-12-25,118.32904261081009,120.6910211729364,117.21156455860597,118.5715444415518,118.5715444415518,38702042,NVDA
2024-12-26,119.43566123965802,120.78823465956874,118.37326042761744,119.10875740730516,119.10875740730516,56575781,NVDA
2024-12-27,117.49984367944381,118.83177571949551,116.0651702998108,117.32131858898816,117.32131858898816,47170394,NVDA
2024-12-30,117.36599121770514,118.9399788998785,117.07059032416392,117.72019370923492,117.72019370923492,32163208,NVDA
2024-12-31,117.0729127698085,119.62800959127132,116.47923944520957,117.3761572521627,117.3761572521627,28478718,NVDA
2025-01-01,116.65786378499729,117.79831827112244,114.71828686514965,116.46472245086635,116.46472245086635,32403561,NVDA
2025-01-02,118.68799459208685,121.01966835516193,116.70710840527414,118.72341136618171,118.72341136618171,59221665,NVDA
2025-01-03,117.83604493359489,118.89974145643868,115.5930672745064,117.68725521331363,117.68725521331363,38788215,NVDA
2025-01-06,116.866182698149,118.22785858827415,115.6837704944258,117.02462436226271,117.02462436226271,57600553,NVDA
2025-01-07,116.55484634873625,118.72636246510851,115.77380249824972,116.57109488916105,116.57109488916105,35639411,NVDA
2025-01-08,116.24427091281878,117.58273136493659,114.77308674956714,116.47840242908998,116.47840242908998,26328937,NVDA
2025-01-09,114.67189741184555,116.54555885914189,113.71442630631574,115.0487320122351,115.0487320122351,35934346,NVDA
2025-01-10,114.81148498479656,117.0777664956866,114.22493199407566,115.00914794624019,115.00914794624019,37246055,NVDA
2025-01-13,116.89502014922064,119.01815961985048,114.87222869751494,116.76266429376241,116.76266429376241,25587711,NVDA
2025-01-14,117.58386035920167,119.64186602010138,116.47599730677362,117.94023125732112,117.94023125732112,33385074,NVDA
2025-01-15,119.6411381227482,121.01085779799963,118.2978299524042,119.80717386238605,119.80717386238605,25652470,NVDA
2025-01-16,122.32191701516997,124.17035763659636,121.37312244193798,122.57823653515025,122.57823653515025,41006602,NVDA
2025-01-17,124.50116752611997,126.59662164227169,123.04713979477654,124.18419431696556,124.18419431696556,35593608,NVDA
2025-01-20,124.60865960687622,126.59545722797377,122.62914997997777,124.47988947048404,124.47988947048404,49379647,NVDA
2025-01-21,125.07403490584431,127.16285189141463,123.39493121937986,124.80546347369726,124.80546347369726,52643329,NVDA
2025-01-22,127.1258457671535,129.64817522415126,126.44945187453094,127.31008697642012,127.31008697642012,49880333,NVDA
2025-01-23,126.61299103295417,127.46123696911857,125.45175395304058,126.46624324667249,126.46624324667249,50678131,NVDA
2025-01-24,128.06436362789694,130.65944667769168,125.87371933955103,128.2805458406195,128.2805458406195,54237699,NVDA
2025-01-27,127.1156963708415,128.14820252621215,125.77491281444199,127.12475132543916,127.12475132543916,30254376,NVDA
2025-01-28,128.7794107324429,131.18436830810032,127.64096159274804,128.8558130830345,128.8558130830345,43186573,NVDA
2025-01-29,127.28850934863182,130.03691017459445,125.21529368183108,127.6578743548405,127.6578743548405,53117871,NVDA
2025-01-30,127.88345735970832,129.64573834233724,126.5188315797555,127.89249069875841,127.89249069875841,58014562,NVDA
2025-01-31,128.33029400302132,130.84103669830952,126.24489087971143,128.40490272186258,128.40490272186258,59749080,NVDA
2025-02-03,128.84607991022756,131.1904066845728,126.24885920823006,128.7053263227653,128.7053263227653,51163072,NVDA
2025-02-04,130.5448205976339,131.94314709276185,128.19657398855304,130.48002059610778,130.48002059610778,31430988,NVDA
2025-02-05,131.10826605668976,132.96625678358495,130.10922801293574,131.18967120308992,131.18967120308992,41078704,NVDA
2025-02-06,129.07419380405506,130.86255827357013,127.94076716205883,129.80785615110955,129.80785615110955,52000526,NVDA
2025-02-07,129.25174489465425,130.26403905105514,127.74532841359368,129.3364720903846,129.3364720903846,41037951,NVDA
2025-02-10,129.60811417980835,130.98460499357245,128.60063318408973,129.81604186873287,129.81604186873287,56100441,NVDA
2025-02-11,127.45082994954518,128.88759901695664,125.31037003146865,127.20487601579569,127.20487601579569,26273544,NVDA
2025-02-12,126.50088426283092,126.96359309309133,124.77761640615726,126.2347810072774,126.2347810072774,48091772,NVDA
2025-02-13,127.61900465677343,128.3093451683919,126.08283655015724,127.58780143531146,127.58780143531146,30647004,NVDA
2025-02-14,126.33815574610867,128.63764713828414,125.44190280410659,126.49191690059091,126.49191690059091,57188280,NVDA
