Date,Ticker,Open,High,Low,Close,Volume
2025-02-26,AAPL,244.33,244.98,239.13,240.36,44433564
2025-02-27,AAPL,239.41,242.46,237.06,237.3,41153639
2025-02-28,AAPL,236.95,242.09,230.2,241.84,56833360
2025-03-03,AAPL,241.79,244.0272,236.112,238.03,47183985
2025-03-04,AAPL,237.705,240.07,234.68,235.93,53798062
2025-03-05,AAPL,235.42,236.55,229.23,235.74,47227643
2025-03-06,AAPL,234.435,237.86,233.1581,235.33,45170419
2025-03-07,AAPL,235.105,241.37,234.76,239.07,46273565
2025-03-10,AAPL,235.54,236.16,224.22,227.48,72071197
2025-03-11,AAPL,223.805,225.8399,217.45,220.84,76137410
2025-03-12,AAPL,220.14,221.75,214.91,216.98,62547467
2025-03-13,AAPL,215.95,216.8394,208.42,209.68,61368330
2025-03-14,AAPL,211.25,213.95,209.58,213.49,60107582
2025-03-17,AAPL,213.31,215.22,209.97,214.0,48073426
2025-03-18,AAPL,214.16,215.15,211.49,212.69,42432426
2025-03-19,AAPL,214.22,218.76,213.75,215.24,54385391
2025-03-20,AAPL,213.99,217.4899,212.22,214.1,48862947
2025-03-21,AAPL,211.56,218.84,211.28,218.27,94127768
2025-03-24,AAPL,221.0,221.48,218.58,220.73,44299483
2025-03-25,AAPL,220.77,224.1,220.08,223.75,34493583
2025-03-26,AAPL,223.51,225.02,220.47,221.53,34532656
2025-03-27,AAPL,221.39,224.99,220.5601,223.85,37094774
2025-03-28,AAPL,221.67,223.81,217.68,217.9,39818617
2025-03-31,AAPL,217.005,225.62,216.23,222.13,65299321
2025-04-01,AAPL,219.805,223.68,218.9,223.19,36412740
2025-04-02,AAPL,221.315,225.19,221.02,223.89,35905904
2025-04-03,AAPL,205.54,207.49,201.25,203.19,103419006
2025-04-04,AAPL,193.89,199.88,187.34,188.38,125910913
2025-04-07,AAPL,177.2,194.15,174.62,181.46,160466286
2025-04-08,AAPL,186.7,190.335,169.2101,172.42,120859491
2025-04-09,AAPL,171.95,200.61,171.89,198.85,184395885
2025-04-10,AAPL,189.065,194.7799,183.0,190.42,121879981
2025-04-11,AAPL,186.1,199.54,186.06,198.15,87435915
2025-04-14,AAPL,211.44,212.94,201.1621,202.52,101352911
2025-04-15,AAPL,201.855,203.51,199.8,202.14,51343872
2025-04-16,AAPL,198.36,200.7,192.37,194.27,59732423
2025-04-17,AAPL,197.2,198.8335,194.42,196.98,52164675
2025-04-21,AAPL,193.265,193.8,189.8112,193.16,46742537
2025-04-22,AAPL,196.12,201.59,195.97,199.74,52976371
2025-04-23,AAPL,206.0,208.0,202.799,204.6,52929165
2025-04-24,AAPL,204.89,208.8299,202.94,208.37,47310989
2025-04-25,AAPL,206.365,209.75,206.2,209.28,38222258
2025-04-28,AAPL,210.0,211.5,207.46,210.14,38743074
2025-04-29,AAPL,208.693,212.24,208.37,211.21,36827633
2025-04-30,AAPL,209.3,213.58,206.6705,212.5,52286454
2025-05-01,AAPL,209.08,214.56,208.9,213.32,57365675
2025-05-02,AAPL,206.09,206.99,202.16,205.35,101010621
2025-05-05,AAPL,203.1,204.1,198.21,198.89,69018452
2025-05-06,AAPL,198.21,200.65,197.02,198.51,51216482
2025-05-07,AAPL,199.17,199.44,193.25,196.25,68616943
2025-05-08,AAPL,197.72,200.05,194.6796,197.49,50478872
2025-05-09,AAPL,199.0,200.5399,197.535,198.53,36453923
2025-05-12,AAPL,210.97,211.2679,206.75,210.79,63775814
2025-05-13,AAPL,210.43,213.4,209.0,212.93,51909332
2025-05-14,AAPL,212.43,213.94,210.5801,212.33,49325825
2025-05-15,AAPL,210.95,212.96,209.54,211.45,45029473
2025-05-16,AAPL,212.36,212.57,209.77,211.26,54737850
2025-05-19,AAPL,207.91,209.48,204.26,208.78,46140527
2025-05-20,AAPL,207.67,208.47,205.03,206.86,42496635
2025-05-21,AAPL,205.17,207.04,200.71,202.09,59211774
2025-05-22,AAPL,200.71,202.75,199.7,201.36,46742407
2025-05-23,AAPL,193.665,197.7,193.46,195.27,78432918
2025-05-27,AAPL,198.3,200.74,197.43,200.21,56288475
2025-05-28,AAPL,200.59,202.73,199.9,200.42,45339678
2025-05-29,AAPL,203.575,203.81,198.51,199.95,51477938
2025-05-30,AAPL,199.37,201.96,196.78,200.85,70819942
2025-06-02,AAPL,200.28,202.13,200.12,201.7,35423294
2025-06-03,AAPL,201.35,203.77,200.955,203.27,46381567
2025-06-04,AAPL,202.91,206.24,202.1,202.82,43603985
2025-06-05,AAPL,203.5,204.75,200.15,200.63,55221235
2025-06-06,AAPL,203.0,205.7,202.05,203.92,46607693
2025-06-09,AAPL,204.39,206.0,200.02,201.45,72862557
2025-06-10,AAPL,200.6,204.35,200.57,202.67,54672608
2025-06-11,AAPL,203.5,204.5,198.41,198.78,60989857
2025-06-12,AAPL,199.08,199.68,197.3601,199.2,43904635
2025-06-13,AAPL,199.73,200.37,195.7,196.45,51447349
2025-06-16,AAPL,197.3,198.685,196.5636,198.42,43020691
2025-06-17,AAPL,197.2,198.39,195.21,195.64,38856152
2025-06-18,AAPL,195.94,197.57,195.07,196.58,45394689
2025-06-20,AAPL,198.235,201.7,196.855,201.0,96813542
2025-06-23,AAPL,201.625,202.3,198.96,201.5,55814272
2025-06-24,AAPL,202.59,203.44,200.2,200.3,54064033
2025-06-25,AAPL,201.45,203.67,200.6201,201.56,39525730
2025-06-26,AAPL,201.43,202.64,199.46,201.0,50799121
2025-06-27,AAPL,201.89,203.22,200.0,201.08,73188571
2025-06-30,AAPL,202.01,207.39,199.2607,205.17,91912816
2025-07-01,AAPL,206.665,210.1865,206.1401,207.82,78788867
2025-07-02,AAPL,208.91,213.34,208.14,212.44,67941811
2025-07-03,AAPL,212.145,214.65,211.8101,213.55,34955836
2025-07-07,AAPL,212.68,216.23,208.8,209.95,50228984
2025-07-08,AAPL,210.1,211.43,208.45,210.01,42848928
2025-07-09,AAPL,209.53,211.33,207.22,211.14,48749367
2025-07-10,AAPL,210.505,213.48,210.03,212.41,44443635
2025-07-11,AAPL,210.565,212.13,209.86,211.16,39765812
2025-07-14,AAPL,209.925,210.91,207.54,208.62,38840111
2025-07-15,AAPL,209.22,211.89,208.92,209.11,42296339
2025-07-16,AAPL,210.295,212.4,208.64,210.16,47490532
2025-07-17,AAPL,210.57,211.8,209.59,210.02,48068141
2025-07-18,AAPL,210.87,211.79,209.7045,211.18,48974591
2025-07-21,AAPL,212.1,215.78,211.63,212.48,51377434
2025-07-22,AAPL,213.14,214.95,212.2301,214.4,46404072
2025-07-23,AAPL,215.0,215.15,212.41,214.15,46989301
2025-07-24,AAPL,213.9,215.69,213.53,213.76,46022620
2025-07-25,AAPL,214.7,215.24,213.4,213.88,40268781
2025-07-28,AAPL,214.03,214.845,213.06,214.05,37858017
2025-07-29,AAPL,214.175,214.81,210.82,211.27,51411723
2025-07-30,AAPL,211.895,212.39,207.72,209.05,45512514
2025-07-31,AAPL,208.49,209.84,207.16,207.57,80698431
2025-08-01,AAPL,210.865,213.58,201.5,202.38,104434473
2025-08-04,AAPL,204.505,207.88,201.675,203.35,75109298
2025-08-05,AAPL,203.4,205.34,202.16,202.92,44155079
2025-08-06,AAPL,205.63,215.38,205.59,213.25,108483103
2025-08-07,AAPL,218.875,220.85,216.58,220.03,90224834
2025-08-08,AAPL,220.83,231.0,219.25,229.35,113853967
2025-08-11,AAPL,227.92,229.56,224.76,227.18,61806132
2025-08-12,AAPL,228.005,230.8,227.07,229.65,55672301
2025-08-13,AAPL,231.07,235.0,230.43,233.33,69878546
2025-08-14,AAPL,234.055,235.12,230.85,232.78,51916275
2025-08-15,AAPL,234.0,234.28,229.335,231.59,56038657
2025-08-18,AAPL,231.7,233.12,230.11,230.89,37476188
2025-08-19,AAPL,231.275,232.87,229.35,230.56,39402564
2025-08-20,AAPL,229.98,230.47,225.77,226.01,42263865
2025-08-21,AAPL,226.27,226.52,223.7804,224.9,30621249
2025-08-22,AAPL,226.17,229.09,225.41,227.76,42477811
2025-08-25,AAPL,226.48,229.3,226.23,227.16,30983133
2025-08-26,AAPL,226.87,229.49,224.69,229.31,54575107
2025-08-27,AAPL,228.61,230.9,228.26,230.49,31259513
2025-08-28,AAPL,230.82,233.41,229.335,232.56,38074700
2025-08-29,AAPL,232.51,233.38,231.37,232.14,39418437
2025-09-02,AAPL,229.25,230.85,226.97,229.72,44075638
2025-09-03,AAPL,237.21,238.85,234.36,238.47,66427835
2025-09-04,AAPL,238.45,239.8999,236.74,239.78,47549429
2025-09-05,AAPL,239.995,241.32,238.4901,239.69,54870397
2025-09-08,AAPL,239.3,240.15,236.34,237.9,49047081
2025-09-09,AAPL,237.0,238.7805,233.36,234.35,66313918
2025-09-10,AAPL,232.185,232.42,225.95,226.79,83440810
2025-09-11,AAPL,226.875,230.45,226.65,230.03,50208578
2025-09-12,AAPL,229.22,234.51,229.02,234.07,55824216
2025-09-15,AAPL,237.0,238.19,235.03,236.7,42699524
2025-09-16,AAPL,237.175,241.22,236.3235,238.15,63421099
2025-09-17,AAPL,238.97,240.1,237.7301,238.99,46508017
2025-09-18,AAPL,239.97,241.2,236.65,237.88,44249576
2025-09-19,AAPL,241.225,246.3,240.2106,245.5,163741314
2025-09-22,AAPL,248.3,256.64,248.12,256.08,105517416
2025-09-23,AAPL,255.875,257.34,253.58,254.43,60275187
2025-09-24,AAPL,255.22,255.74,251.04,252.31,42303710
2025-09-25,AAPL,253.205,257.17,251.712,256.87,55202075
2025-09-26,AAPL,254.095,257.6,253.78,255.46,46076258
2025-09-29,AAPL,254.56,255.0,253.01,254.43,40127687
2025-09-30,AAPL,254.855,255.919,253.11,254.63,37704259
2025-10-01,AAPL,255.04,258.79,254.93,255.45,48713940
2025-10-02,AAPL,256.575,258.18,254.15,257.13,42630239
2025-10-03,AAPL,254.665,259.24,253.95,258.02,49155614
2025-10-06,AAPL,257.99,259.07,255.05,256.69,44664118
2025-10-07,AAPL,256.805,257.4,255.43,256.48,31955776
2025-10-08,AAPL,256.52,258.52,256.11,258.06,36496895
2025-10-09,AAPL,257.805,258.0,253.14,254.04,38322012
2025-10-10,AAPL,254.94,256.38,244.0,245.27,61999098
2025-10-13,AAPL,249.38,249.69,245.56,247.66,38142942
2025-10-14,AAPL,246.6,248.845,244.7,247.77,35477986
2025-10-15,AAPL,249.485,251.82,247.47,249.34,33893611
2025-10-16,AAPL,248.25,249.04,245.13,247.45,39776974
2025-10-17,AAPL,248.02,253.38,247.27,252.29,49146961
2025-10-20,AAPL,255.885,264.375,255.63,262.24,90483029
2025-10-21,AAPL,261.88,265.29,261.83,262.77,46695948
2025-10-22,AAPL,262.65,262.85,255.43,258.45,45015254
2025-10-23,AAPL,259.94,260.62,258.0101,259.58,32754941
2025-10-24,AAPL,261.185,264.13,259.18,262.82,38253717
2025-10-27,AAPL,264.88,269.12,264.6501,268.81,44888152
2025-10-28,AAPL,268.985,269.89,268.15,269.0,41534759
2025-10-29,AAPL,269.275,271.41,267.11,269.7,51086742
2025-10-30,AAPL,271.99,274.14,268.48,271.4,69886534
2025-10-31,AAPL,276.99,277.32,269.16,270.37,86167123
2025-11-03,AAPL,270.42,270.85,266.25,269.05,50194583
2025-11-04,AAPL,268.325,271.486,267.615,270.04,49274846
2025-11-05,AAPL,268.61,271.7,266.93,270.14,43683072
2025-11-06,AAPL,267.89,273.4,267.89,269.77,51204045
2025-11-07,AAPL,269.795,272.29,266.77,268.47,48227365
2025-11-10,AAPL,268.96,273.73,267.455,269.43,41312412
2025-11-11,AAPL,269.81,275.91,269.8,275.25,46208318
2025-11-12,AAPL,275.0,275.73,271.7,273.47,48397982
2025-11-13,AAPL,274.11,276.699,272.18,273.07,13184223
2025-02-26,DXCM,87.68,90.66,86.41,89.91,3052308
2025-02-27,DXCM,89.44,90.0,87.73,87.81,2484427
2025-02-28,DXCM,87.84,88.6,86.79,88.37,4965831
2025-03-03,DXCM,88.67,88.74,85.64,85.99,3910629
2025-03-04,DXCM,85.76,86.14,81.77,82.42,5574629
2025-03-05,DXCM,82.61,83.54,81.5,81.96,3343383
2025-03-06,DXCM,80.44,81.75,79.09,79.51,5366674
2025-03-07,DXCM,79.51,80.32,76.82,77.84,3882539
2025-03-10,DXCM,74.74,74.92,70.47,70.72,8340247
2025-03-11,DXCM,71.15,71.45,69.02,70.26,6059270
2025-03-12,DXCM,71.18,72.3,69.86,70.76,5172972
2025-03-13,DXCM,70.7,70.715,68.3,68.48,3360485
2025-03-14,DXCM,68.59,70.77,68.59,70.69,4902283
2025-03-17,DXCM,70.33,72.2,70.3,71.35,3627105
2025-03-18,DXCM,71.25,71.35,69.92,70.7,2604057
2025-03-19,DXCM,70.71,74.42,70.71,73.38,4303239
2025-03-20,DXCM,72.9,76.27,72.52,75.11,3588379
2025-03-21,DXCM,74.17,74.485,72.73,73.8,5560929
2025-03-24,DXCM,75.045,75.81,74.6,75.32,2692800
2025-03-25,DXCM,75.24,76.01,72.52,73.55,3240581
2025-03-26,DXCM,73.25,73.3965,71.47,72.13,3271802
2025-03-27,DXCM,71.98,72.47,69.41,69.47,5524036
2025-03-28,DXCM,69.5,69.89,67.37,67.74,4681070
2025-03-31,DXCM,67.22,68.75,66.25,68.29,5617469
2025-04-01,DXCM,67.85,68.4,66.3,67.32,3216548
2025-04-02,DXCM,66.32,68.52,66.32,68.14,2561941
2025-04-03,DXCM,64.89,65.01,61.48,61.8,5404473
2025-04-04,DXCM,59.63,61.05,57.52,59.83,6552482
2025-04-07,DXCM,58.03,62.9,58.0,61.63,8396078
2025-04-08,DXCM,62.5,63.89,59.97,60.69,5576407
2025-04-09,DXCM,60.09,67.63,59.62,66.84,6697678
2025-04-10,DXCM,72.8,73.5,66.46,67.3,8912116
2025-04-11,DXCM,67.23,67.6599,64.99,66.14,4788611
2025-04-14,DXCM,67.28,68.07,66.4101,67.39,3644730
2025-04-15,DXCM,67.4,69.32,66.978,69.23,4615119
2025-04-16,DXCM,68.84,69.69,67.75,68.73,4273569
2025-04-17,DXCM,67.0,68.78,66.53,68.57,3702797
2025-04-21,DXCM,68.07,68.12,65.11,66.11,4023310
2025-04-22,DXCM,67.09,67.305,65.53,66.33,4142207
2025-04-23,DXCM,68.45,70.21,66.8,66.86,4522417
2025-04-24,DXCM,67.79,70.98,67.545,70.78,3922896
2025-04-25,DXCM,70.85,72.28,70.355,71.66,2857999
2025-04-28,DXCM,72.27,72.6,70.5731,71.18,2782847
2025-04-29,DXCM,71.275,71.46,70.29,71.3,2332053
2025-04-30,DXCM,70.665,71.57,69.75,71.38,2859756
2025-05-01,DXCM,71.38,71.71,69.7,70.26,6874455
2025-05-02,DXCM,75.26,81.88,74.96,81.62,10696540
2025-05-05,DXCM,81.65,81.96,80.0018,80.27,5371566
2025-05-06,DXCM,79.515,82.48,78.5501,81.53,5205021
2025-05-07,DXCM,81.53,83.9,80.5,83.35,3945588
2025-05-08,DXCM,84.0,85.74,83.48,85.34,6159401
2025-05-09,DXCM,84.78,85.71,84.23,84.67,3349024
2025-05-12,DXCM,87.02,87.02,84.31,85.05,4030142
2025-05-13,DXCM,84.74,85.54,83.84,84.11,5514636
2025-05-14,DXCM,83.64,86.565,83.64,86.52,3828441
2025-05-15,DXCM,86.21,86.85,84.76,85.67,2892321
2025-05-16,DXCM,85.88,86.0,84.68,85.48,3397874
2025-05-19,DXCM,84.67,86.99,84.34,86.96,2366501
2025-05-20,DXCM,86.21,87.6533,85.875,87.34,2743539
2025-05-21,DXCM,86.43,87.0,84.5,84.89,2673498
2025-05-22,DXCM,84.9,85.31,84.28,84.83,1693953
2025-05-23,DXCM,83.94,85.01,83.48,84.51,2599356
2025-05-27,DXCM,85.44,85.7,84.6,85.33,2034121
2025-05-28,DXCM,85.24,87.6,85.24,86.98,2862709
2025-05-29,DXCM,87.65,87.665,84.51,84.86,3694185
2025-05-30,DXCM,86.76,86.8,84.85,85.8,4257115
2025-06-02,DXCM,85.44,85.88,84.1,85.51,2524466
2025-06-03,DXCM,85.49,87.33,84.5,86.79,2423031
2025-06-04,DXCM,86.87,87.235,85.59,85.61,1858029
2025-06-05,DXCM,85.78,86.54,84.87,85.74,2394742
2025-06-06,DXCM,86.73,87.91,85.83,86.67,2422665
2025-06-09,DXCM,86.91,86.935,85.09,85.68,2072842
2025-06-10,DXCM,86.05,86.45,84.305,84.82,2246936
2025-06-11,DXCM,85.01,85.49,82.9,82.99,3246683
2025-06-12,DXCM,83.09,83.6088,82.0244,82.85,2805698
2025-06-13,DXCM,81.69,83.17,81.3901,81.99,2904103
2025-06-16,DXCM,82.8,83.7,82.265,83.0,3446282
2025-06-17,DXCM,82.665,83.35,81.61,81.83,2685622
2025-06-18,DXCM,82.01,82.43,80.23,81.01,4738518
2025-06-20,DXCM,81.6,82.06,79.61,80.0,5238850
2025-06-23,DXCM,79.99,80.32,77.81,79.84,5672531
2025-06-24,DXCM,80.31,88.32,79.4,87.57,10200996
2025-06-25,DXCM,87.55,87.75,84.4,84.68,4435185
2025-06-26,DXCM,84.95,86.07,84.8,85.04,2456012
2025-06-27,DXCM,85.0,87.48,84.84,86.33,4632472
2025-06-30,DXCM,85.77,87.49,85.5568,87.29,2724448
2025-07-01,DXCM,83.175,85.62,82.75,83.58,5589561
2025-07-02,DXCM,83.26,84.73,82.79,83.58,2867130
2025-07-03,DXCM,83.7,84.49,82.575,82.93,1841055
2025-07-07,DXCM,82.84,83.805,82.5,82.94,2782495
2025-07-08,DXCM,83.14,84.46,82.9241,83.76,3037999
2025-07-09,DXCM,84.14,85.2,82.73,84.87,2692919
2025-07-10,DXCM,85.24,85.92,84.058,85.46,3670085
2025-07-11,DXCM,85.33,85.35,83.05,83.37,2328315
2025-07-14,DXCM,83.42,85.61,82.96,85.33,2384116
2025-07-15,DXCM,86.03,86.14,84.67,84.78,2128100
2025-07-16,DXCM,85.485,85.57,83.85,84.13,2353452
2025-07-17,DXCM,84.09,85.9,83.54,84.1,4777438
2025-07-18,DXCM,84.7,84.775,83.23,83.89,2616547
2025-07-21,DXCM,83.955,84.5,83.3,84.03,2093731
2025-07-22,DXCM,84.49,85.65,84.25,85.12,1971631
2025-07-23,DXCM,86.19,86.775,85.49,86.43,2188235
2025-07-24,DXCM,86.54,87.14,86.055,86.74,1994678
2025-07-25,DXCM,87.215,89.07,86.69,88.99,3072493
2025-07-28,DXCM,88.99,89.76,88.63,89.53,2700621
2025-07-29,DXCM,89.64,89.96,88.97,89.35,2472433
2025-07-30,DXCM,89.35,89.98,88.3,89.06,4522233
2025-07-31,DXCM,85.7,87.0,80.46,80.77,9282481
2025-08-01,DXCM,80.57,80.86,78.93,79.28,5238726
2025-08-04,DXCM,79.9,80.215,75.94,76.25,6537454
2025-08-05,DXCM,76.3,76.53,74.88,75.46,5633134
2025-08-06,DXCM,75.48,77.95,74.795,76.4,4843281
2025-08-07,DXCM,77.12,77.95,75.59,76.4,3083957
2025-08-08,DXCM,76.27,79.05,76.27,78.86,3865848
2025-08-11,DXCM,78.74,79.22,77.599,77.85,4224440
2025-08-12,DXCM,78.5,80.36,78.145,80.17,3609936
2025-08-13,DXCM,80.67,81.56,79.87,79.96,4278314
2025-08-14,DXCM,79.74,80.205,78.86,79.96,2291904
2025-08-15,DXCM,80.29,82.04,80.29,80.95,2232926
2025-08-18,DXCM,80.93,81.74,80.3227,80.82,2976858
2025-08-19,DXCM,80.68,81.42,80.32,80.9,2267882
2025-08-20,DXCM,80.77,82.05,80.43,81.67,3584483
2025-08-21,DXCM,81.45,81.93,79.83,80.62,3470305
2025-08-22,DXCM,81.01,82.36,80.475,82.26,3667106
2025-08-25,DXCM,81.705,82.2,75.89,75.96,6534615
2025-08-26,DXCM,76.25,76.89,75.72,76.12,4840800
2025-08-27,DXCM,75.8,76.97,74.74,76.38,4576689
2025-08-28,DXCM,76.26,76.36,74.21,75.08,5969633
2025-08-29,DXCM,75.08,75.8,74.54,75.34,2921982
2025-09-02,DXCM,74.17,75.1073,73.47,74.3,4469420
2025-09-03,DXCM,74.32,79.51,74.0,78.92,6702573
2025-09-04,DXCM,79.2,81.64,78.68,80.76,4977460
2025-09-05,DXCM,80.875,81.6,79.48,80.51,2718286
2025-09-08,DXCM,79.35,79.65,77.74,77.999,3966140
2025-09-09,DXCM,77.61,79.2,77.61,78.4,2503758
2025-09-10,DXCM,77.97,78.28,75.555,76.0,4889784
2025-09-11,DXCM,76.24,77.93,75.85,76.0,6352978
2025-09-12,DXCM,75.77,76.69,75.39,76.22,3054630
2025-09-15,DXCM,76.44,78.96,75.525,75.58,3861590
2025-09-16,DXCM,75.79,77.73,75.6,76.55,4300567
2025-09-17,DXCM,76.99,77.84,75.5501,76.44,7422223
2025-09-18,DXCM,72.93,75.96,71.8,75.78,9237330
2025-09-19,DXCM,75.0,75.18,66.9,67.45,20848663
2025-09-22,DXCM,67.69,70.5,66.57,69.51,11279298
2025-09-23,DXCM,69.01,69.98,68.03,68.2,6156001
2025-09-24,DXCM,68.265,70.18,67.14,67.5,6904896
2025-09-25,DXCM,66.7,68.57,65.5,68.3,6570351
2025-09-26,DXCM,68.05,69.25,66.71,67.1,7431517
2025-09-29,DXCM,67.34,67.37,65.18,66.46,5867974
2025-09-30,DXCM,66.7,67.61,66.18,67.29,3793547
2025-10-01,DXCM,67.21,67.86,63.53,66.08,7619533
2025-10-02,DXCM,65.79,66.82,64.67,66.44,4891592
2025-10-03,DXCM,66.78,67.63,66.37,67.05,4440066
2025-10-06,DXCM,67.9,68.0,66.12,66.36,5931256
2025-10-07,DXCM,66.77,67.43,65.88,66.03,3703550
2025-10-08,DXCM,65.96,67.88,64.9,67.78,5947157
2025-10-09,DXCM,67.56,69.0,67.24,68.08,3345099
2025-10-10,DXCM,68.15,68.5,65.03,65.12,3502918
2025-10-13,DXCM,65.99,66.37,64.93,65.2,3379925
2025-10-14,DXCM,63.85,67.29,63.195,66.21,5726732
2025-10-15,DXCM,66.35,66.61,64.9,65.41,3334085
2025-10-16,DXCM,66.0,66.68,64.985,66.33,3956649
2025-10-17,DXCM,66.26,66.85,65.41,66.6,3516582
2025-10-20,DXCM,67.05,68.47,66.7,68.43,4724688
2025-10-21,DXCM,68.68,69.83,67.99,69.75,4481068
2025-10-22,DXCM,70.44,71.99,69.75,70.7,4156796
2025-10-23,DXCM,70.7,71.5,70.11,71.06,2856351
2025-10-24,DXCM,71.15,72.08,70.31,70.33,3162013
2025-10-27,DXCM,70.87,71.115,69.82,70.63,2909309
2025-10-28,DXCM,70.665,70.665,66.42,69.23,8687456
2025-10-29,DXCM,68.92,69.1,67.795,68.18,4434808
2025-10-30,DXCM,68.36,69.17,68.0,68.2,7250695
2025-10-31,DXCM,59.19,60.36,56.445,58.22,26557734
2025-11-03,DXCM,58.55,61.145,58.5,60.43,17887172
2025-11-04,DXCM,61.09,62.39,58.88,61.18,11623128
2025-11-05,DXCM,60.95,60.95,58.34,59.28,8967393
2025-11-06,DXCM,58.97,60.0,56.89,58.02,8984545
2025-11-07,DXCM,58.015,58.25,54.11,55.0,10943925
2025-11-10,DXCM,55.16,55.895,54.2,54.84,8877587
2025-11-11,DXCM,56.29,58.86,55.84,58.13,9740898
2025-11-12,DXCM,58.07,59.79,57.51,59.61,6845186
2025-11-13,DXCM,59.195,60.85,59.195,59.99,1881568
2025-02-26,MSFT,398.01,403.6,394.245,399.73,19618954
2025-02-27,MSFT,401.265,405.74,392.17,392.53,21127406
2025-02-28,MSFT,392.655,397.63,386.57,396.99,32845658
2025-03-03,MSFT,398.82,398.82,386.155,388.49,23007726
2025-03-04,MSFT,383.4,392.58,381.0,388.61,29342923
2025-03-05,MSFT,389.34,401.67,388.81,401.02,23433132
2025-03-06,MSFT,394.28,402.15,392.6777,396.89,23304625
2025-03-07,MSFT,392.32,394.8,385.54,393.31,22034087
2025-03-10,MSFT,385.84,386.4,377.22,380.16,32840134
2025-03-11,MSFT,379.0,386.0,376.91,380.45,30380177
2025-03-12,MSFT,382.95,385.2165,378.9507,383.27,24253567
2025-03-13,MSFT,383.155,385.32,377.45,378.77,20473017
2025-03-14,MSFT,379.775,390.23,379.51,388.56,19952846
2025-03-17,MSFT,386.7,392.705,385.57,388.7,22474272
2025-03-18,MSFT,387.07,387.37,381.1,383.52,19486850
2025-03-19,MSFT,385.525,389.68,384.0,387.82,19185532
2025-03-20,MSFT,385.735,391.785,383.28,386.84,18470542
2025-03-21,MSFT,383.215,391.74,382.8,391.26,39675928
2025-03-24,MSFT,395.4,395.4,389.81,393.08,21004548
2025-03-25,MSFT,393.915,396.36,392.64,395.16,15774968
2025-03-26,MSFT,395.0,395.31,388.57,389.97,16132906
2025-03-27,MSFT,390.13,392.24,387.395,390.58,13766761
2025-03-28,MSFT,388.08,389.13,376.93,378.8,21632016
2025-03-31,MSFT,372.535,377.07,367.24,375.39,35184676
2025-04-01,MSFT,374.65,382.85,373.23,382.19,19689503
2025-04-02,MSFT,377.965,385.08,376.62,382.14,16092555
2025-04-03,MSFT,374.785,377.48,369.35,373.11,30197997
2025-04-04,MSFT,364.125,374.59,359.48,359.84,49209854
2025-04-07,MSFT,350.88,370.9999,344.79,357.86,50424998
2025-04-08,MSFT,368.255,373.65,350.25,354.56,35868918
2025-04-09,MSFT,353.535,393.225,353.1,390.49,50199696
2025-04-10,MSFT,382.06,383.9,367.8,381.35,38024368
2025-04-11,MSFT,380.635,390.05,378.89,388.45,23839220
2025-04-14,MSFT,393.22,394.65,384.21,387.81,19251172
2025-04-15,MSFT,388.505,391.89,384.1599,385.73,17199890
2025-04-16,MSFT,380.67,381.61,368.0,371.61,21967826
2025-04-17,MSFT,373.745,374.3215,366.89,367.78,21120192
2025-04-21,MSFT,362.815,364.48,355.67,359.12,20807279
2025-04-22,MSFT,363.375,367.77,359.8602,366.82,19484993
2025-04-23,MSFT,376.06,380.39,373.02,374.39,20545526
2025-04-24,MSFT,375.695,388.45,375.19,387.3,22232289
2025-04-25,MSFT,387.0,392.16,384.6,391.85,18973165
2025-04-28,MSFT,391.955,392.74,386.638,391.16,16579430
2025-04-29,MSFT,391.3,395.1,390.38,394.04,14973976
2025-04-30,MSFT,390.3,396.66,384.44,395.26,36461075
2025-05-01,MSFT,431.11,436.99,424.9,425.4,58938100
2025-05-02,MSFT,431.74,439.44,429.985,435.28,30757434
2025-05-05,MSFT,432.87,439.5,432.11,436.17,20136053
2025-05-06,MSFT,432.2,437.73,431.17,433.31,15104204
2025-05-07,MSFT,433.84,438.12,431.1103,433.35,23307241
2025-05-08,MSFT,437.93,443.67,435.66,438.17,23491330
2025-05-09,MSFT,440.0,440.74,435.88,438.73,15324233
2025-05-12,MSFT,445.94,449.37,439.78,449.26,22821935
2025-05-13,MSFT,447.78,450.6733,445.36,449.14,23618819
2025-05-14,MSFT,448.14,453.9,448.14,452.94,19902796
2025-05-15,MSFT,450.765,456.19,450.4301,453.13,21992323
2025-05-16,MSFT,452.05,454.36,448.73,454.27,23849781
2025-05-19,MSFT,450.875,459.585,450.8,458.87,21336509
2025-05-20,MSFT,455.59,458.34,454.3201,458.17,15441808
2025-05-21,MSFT,454.57,457.78,451.814,452.57,19216906
2025-05-22,MSFT,454.95,460.25,453.9,454.86,18025612
2025-05-23,MSFT,449.98,453.69,448.91,450.18,16883509
2025-05-27,MSFT,456.48,460.95,456.115,460.69,20974293
2025-05-28,MSFT,461.22,462.52,456.93,457.36,17086261
2025-05-29,MSFT,461.55,461.72,455.3105,458.68,13982211
2025-05-30,MSFT,459.715,461.68,455.54,460.36,34770475
2025-06-02,MSFT,457.14,462.11,456.89,461.97,16626495
2025-06-03,MSFT,461.47,464.14,460.8622,462.97,15743760
2025-06-04,MSFT,464.0,465.69,463.0201,463.87,14162688
2025-06-05,MSFT,464.955,469.65,464.03,467.68,20154460
2025-06-06,MSFT,470.085,473.335,468.78,470.38,15285624
2025-06-09,MSFT,469.7,473.43,468.62,472.75,16469932
2025-06-10,MSFT,471.185,472.8,466.96,470.92,15375944
2025-06-11,MSFT,470.02,475.47,469.655,472.62,16399176
2025-06-12,MSFT,475.02,480.415,473.52,478.87,18950582
2025-06-13,MSFT,476.41,479.18,472.76,474.96,16814456
2025-06-16,MSFT,475.21,480.6943,475.0,479.14,15626104
2025-06-17,MSFT,475.395,478.7399,474.08,478.04,15414128
2025-06-18,MSFT,478.0,481.0,474.46,480.24,17526452
2025-06-20,MSFT,482.23,483.46,476.87,477.4,37576206
2025-06-23,MSFT,478.21,487.75,472.51,486.0,24863952
2025-06-24,MSFT,488.95,491.849,486.795,490.11,22305642
2025-06-25,MSFT,492.04,494.5556,489.39,492.27,17495099
2025-06-26,MSFT,492.98,498.04,492.81,497.45,21578853
2025-06-27,MSFT,497.55,499.3,493.03,495.94,34539236
2025-06-30,MSFT,497.04,500.76,495.33,497.41,28368991
2025-07-01,MSFT,496.47,498.05,490.98,492.05,19945375
2025-07-02,MSFT,489.99,493.5,488.7,491.09,16319641
2025-07-03,MSFT,493.81,500.13,493.44,498.84,13984829
2025-07-07,MSFT,497.38,498.75,495.225,497.72,13981605
2025-07-08,MSFT,497.24,498.2,494.11,496.62,11846586
2025-07-09,MSFT,500.3,506.78,499.74,503.51,18659538
2025-07-10,MSFT,503.05,504.44,497.75,501.48,16498740
2025-07-11,MSFT,498.47,505.03,497.795,503.32,16459512
2025-07-14,MSFT,501.515,503.97,501.03,503.02,12058848
2025-07-15,MSFT,503.02,508.3,502.79,505.82,14927202
2025-07-16,MSFT,505.18,506.72,501.89,505.62,15154374
2025-07-17,MSFT,505.68,513.37,505.62,511.7,17503129
2025-07-18,MSFT,514.48,514.64,507.43,510.05,21209666
2025-07-21,MSFT,506.705,512.09,505.55,510.06,14066805
2025-07-22,MSFT,510.97,511.2,505.27,505.27,13868644
2025-07-23,MSFT,506.75,506.79,500.7,505.87,16396585
2025-07-24,MSFT,508.77,513.67,507.3,510.88,16107000
2025-07-25,MSFT,512.465,518.29,510.3592,513.71,19125699
2025-07-28,MSFT,514.08,515.0,510.12,512.5,14308027
2025-07-29,MSFT,515.53,517.62,511.56,512.57,16469235
2025-07-30,MSFT,515.17,515.95,509.435,513.24,26380434
2025-07-31,MSFT,555.225,555.45,531.9,533.5,51617326
2025-08-01,MSFT,535.0,535.8,520.86,524.11,28977628
2025-08-04,MSFT,528.27,538.25,528.13,535.64,25349004
2025-08-05,MSFT,537.18,537.3,527.24,527.75,19171569
2025-08-06,MSFT,530.9,531.7,524.03,524.94,21355702
2025-08-07,MSFT,526.8,528.09,517.5511,520.84,16079144
2025-08-08,MSFT,522.6,524.66,519.41,522.04,15531009
2025-08-11,MSFT,522.3,527.59,519.72,521.77,20194372
2025-08-12,MSFT,523.75,530.98,522.7,529.24,18688921
2025-08-13,MSFT,532.11,532.7,519.37,520.58,19619160
2025-08-14,MSFT,522.56,525.9499,520.14,522.48,20269074
2025-08-15,MSFT,522.77,526.1,519.08,520.17,25213272
2025-08-18,MSFT,521.585,522.82,514.02,517.1,23760583
2025-08-19,MSFT,515.0,515.1641,508.55,509.77,21481016
2025-08-20,MSFT,509.865,511.0,504.44,505.72,27723025
2025-08-21,MSFT,503.69,507.63,502.7201,504.24,18443254
2025-08-22,MSFT,504.25,510.73,502.41,507.23,24324161
2025-08-25,MSFT,506.63,508.19,504.12,504.26,21638579
2025-08-26,MSFT,504.355,504.9778,498.51,502.04,30835709
2025-08-27,MSFT,502.0,507.29,499.9,506.74,17277893
2025-08-28,MSFT,507.09,511.09,505.5,509.64,18015593
2025-08-29,MSFT,508.66,509.6,504.4915,506.69,20961569
2025-09-02,MSFT,500.465,506.0,496.81,505.12,18127995
2025-09-03,MSFT,503.79,507.79,502.32,505.35,16345078
2025-09-04,MSFT,504.3,508.15,503.15,507.97,15509486
2025-09-05,MSFT,509.07,511.97,492.37,495.0,31994846
2025-09-08,MSFT,498.105,501.195,495.03,498.23,16801841
2025-09-09,MSFT,501.43,502.25,497.7,498.41,14410542
2025-09-10,MSFT,502.98,503.2299,496.72,500.37,21611816
2025-09-11,MSFT,502.25,503.17,497.88,501.01,18881608
2025-09-12,MSFT,506.65,512.55,503.85,509.9,23624884
2025-09-15,MSFT,508.79,515.47,507.0,515.36,17143786
2025-09-16,MSFT,516.88,517.23,508.6,509.04,19711922
2025-09-17,MSFT,510.62,511.29,505.93,510.02,15816585
2025-09-18,MSFT,511.49,513.07,507.66,508.45,18913696
2025-09-19,MSFT,510.56,519.3,510.31,517.93,52474093
2025-09-22,MSFT,515.59,517.74,512.545,514.45,20009314
2025-09-23,MSFT,513.8,514.5899,507.31,509.23,19799580
2025-09-24,MSFT,510.38,512.48,506.92,510.15,13533711
2025-09-25,MSFT,508.3,510.01,505.04,507.03,15786468
2025-09-26,MSFT,510.06,513.94,506.62,511.46,16213129
2025-09-29,MSFT,511.5,516.845,508.88,514.6,17617775
2025-09-30,MSFT,513.24,518.16,509.66,517.95,19728229
2025-10-01,MSFT,514.8,520.505,511.69,519.71,22632336
2025-10-02,MSFT,517.64,521.6,510.6791,515.74,21222886
2025-10-03,MSFT,517.1,520.49,515.0,517.35,15112321
2025-10-06,MSFT,518.61,531.03,518.2,528.57,21388581
2025-10-07,MSFT,528.285,529.8,521.44,523.98,14615208
2025-10-08,MSFT,523.28,526.95,523.09,524.85,13363447
2025-10-09,MSFT,522.335,524.325,517.4,522.4,18343602
2025-10-10,MSFT,519.64,523.58,509.63,510.96,24133840
2025-10-13,MSFT,516.41,516.41,511.68,514.05,14284238
2025-10-14,MSFT,510.225,515.282,506.0,513.57,14684300
2025-10-15,MSFT,514.955,517.19,510.0,513.43,14694654
2025-10-16,MSFT,512.58,516.85,508.13,511.61,15559565
2025-10-17,MSFT,509.04,515.48,507.31,513.58,19867765
2025-10-20,MSFT,514.61,518.7,513.43,516.79,14665620
2025-10-21,MSFT,517.5,518.69,513.04,517.66,15586204
2025-10-22,MSFT,521.15,525.23,517.71,520.54,18962694
2025-10-23,MSFT,522.46,523.95,518.61,520.56,14023532
2025-10-24,MSFT,522.79,525.345,520.71,523.61,15532360
2025-10-27,MSFT,531.78,534.58,529.01,531.52,18734716
2025-10-28,MSFT,550.0,553.72,540.77,542.07,29986683
2025-10-29,MSFT,544.94,546.27,536.7287,541.55,36023004
2025-10-30,MSFT,530.48,534.97,522.12,525.76,41023088
2025-10-31,MSFT,528.875,529.32,515.1,517.81,34006424
2025-11-03,MSFT,519.805,524.96,514.59,517.03,22374742
2025-11-04,MSFT,511.76,515.55,507.84,514.33,20958663
2025-11-05,MSFT,513.3,514.83,506.575,507.16,23024342
2025-11-06,MSFT,505.66,505.7,495.81,497.1,27406496
2025-11-07,MSFT,496.945,499.377,493.25,496.82,24019764
2025-11-10,MSFT,500.035,506.85,498.8,506.0,26101480
2025-11-11,MSFT,504.8,509.6,502.3488,508.68,17980020
2025-11-12,MSFT,509.355,511.67,499.1201,511.14,26574851
2025-11-13,MSFT,510.31,513.5,505.45,507.3444,5905521
2025-02-26,NVDA,129.985,133.73,128.49,131.28,322553814
2025-02-27,NVDA,135.0,135.01,120.01,120.15,443175846
2025-02-28,NVDA,118.02,125.09,116.4,124.92,389091145
2025-03-03,NVDA,123.51,123.7,112.28,114.06,411381373
2025-03-04,NVDA,110.645,119.31,110.11,115.99,398163305
2025-03-05,NVDA,117.58,118.2781,114.51,117.3,284337886
2025-03-06,NVDA,113.53,115.35,110.22,110.57,321181861
2025-03-07,NVDA,111.25,113.48,107.56,112.69,341755468
2025-03-10,NVDA,109.9,111.85,105.46,106.98,366487363
2025-03-11,NVDA,106.99,112.236,104.77,108.76,354865692
2025-03-12,NVDA,114.12,116.76,112.88,115.74,323857454
2025-03-13,NVDA,117.03,117.76,113.79,115.58,299033131
2025-03-14,NVDA,118.61,121.88,118.15,121.67,277593455
2025-03-17,NVDA,122.74,122.89,118.03,119.53,255501481
2025-03-18,NVDA,118.0,119.02,114.54,115.43,299686944
2025-03-19,NVDA,117.27,120.445,115.68,117.52,273426225
2025-03-20,NVDA,116.55,120.2,116.47,118.53,248829749
2025-03-21,NVDA,116.94,117.99,115.42,117.7,266498528
2025-03-24,NVDA,119.88,122.22,119.34,121.41,228452534
2025-03-25,NVDA,120.545,121.29,118.92,120.69,167447198
2025-03-26,NVDA,118.73,118.84,112.71,113.76,296431667
2025-03-27,NVDA,111.35,114.45,110.66,111.43,236902055
2025-03-28,NVDA,111.485,112.87,109.0701,109.67,229872549
2025-03-31,NVDA,105.13,110.955,103.65,108.38,299212653
2025-04-01,NVDA,108.515,110.2,106.47,110.15,222614034
2025-04-02,NVDA,107.29,111.98,106.79,110.42,220601243
2025-04-03,NVDA,103.51,105.63,101.6,101.8,338769412
2025-04-04,NVDA,98.91,100.13,92.11,94.31,532273810
2025-04-07,NVDA,87.46,101.75,86.62,97.64,611041347
2025-04-08,NVDA,103.805,105.85,94.46,96.3,476243392
2025-04-09,NVDA,98.89,115.1,97.5301,114.33,612918336
2025-04-10,NVDA,109.37,110.86,99.15,107.57,437812353
2025-04-11,NVDA,108.5,111.5499,107.48,110.93,313417265
2025-04-14,NVDA,114.11,114.29,109.07,110.71,264705049
2025-04-15,NVDA,110.97,113.615,110.5,112.2,228966900
2025-04-16,NVDA,104.55,106.79,100.45,104.49,397016870
2025-04-17,NVDA,104.45,104.47,100.05,101.49,292517465
2025-04-21,NVDA,98.77,99.44,95.04,96.91,288501136
2025-04-22,NVDA,98.78,99.811,97.28,98.89,241004784
2025-04-23,NVDA,104.52,104.8,102.02,102.71,247525971
2025-04-24,NVDA,103.475,106.54,103.11,106.43,220815041
2025-04-25,NVDA,106.85,111.92,105.73,111.01,251064672
2025-04-28,NVDA,109.69,110.3699,106.02,108.73,207708479
2025-04-29,NVDA,107.67,110.1999,107.44,109.02,170444263
2025-04-30,NVDA,104.47,108.92,104.08,108.92,235044611
2025-05-01,NVDA,113.08,114.94,111.3,111.61,236121507
2025-05-02,NVDA,114.18,115.4,113.37,114.5,190194778
2025-05-05,NVDA,112.905,114.665,112.66,113.82,133163241
2025-05-06,NVDA,111.48,114.74,110.822,113.54,158525621
2025-05-07,NVDA,113.045,117.68,112.2818,117.06,207827821
2025-05-08,NVDA,118.25,118.68,115.85,117.37,198428122
2025-05-09,NVDA,117.35,118.23,115.21,116.65,132972189
2025-05-12,NVDA,121.97,123.0,120.28,123.0,225023345
2025-05-13,NVDA,124.98,131.2189,124.47,129.93,330430105
2025-05-14,NVDA,133.195,135.435,131.68,135.34,281180830
2025-05-15,NVDA,134.295,136.3,132.66,134.83,226632563
2025-05-16,NVDA,136.22,136.35,133.46,135.4,226542451
2025-05-19,NVDA,132.39,135.87,132.39,135.57,193154571
2025-05-20,NVDA,134.29,134.58,132.62,134.38,161514247
2025-05-21,NVDA,133.06,137.4,130.59,131.8,270608738
2025-05-22,NVDA,132.23,134.25,131.55,132.83,187343954
2025-05-23,NVDA,130.0,132.68,129.16,131.29,198821324
2025-05-27,NVDA,134.15,135.66,133.31,135.5,192953613
2025-05-28,NVDA,136.025,137.25,134.79,134.81,304021146
2025-05-29,NVDA,142.245,143.49,137.91,139.19,370615167
2025-05-30,NVDA,138.715,139.62,132.92,135.13,333170851
2025-06-02,NVDA,135.49,138.12,135.4,137.38,197663116
2025-06-03,NVDA,138.78,142.0,137.95,141.22,225578783
2025-06-04,NVDA,142.19,142.39,139.545,141.92,167120819
2025-06-05,NVDA,142.17,144.0,138.83,139.99,232410759
2025-06-06,NVDA,142.51,143.27,141.51,141.72,153986153
2025-06-09,NVDA,143.19,145.0,141.94,142.63,185114494
2025-06-10,NVDA,142.69,144.29,141.525,143.96,155881897
2025-06-11,NVDA,144.61,144.99,141.87,142.83,167694044
2025-06-12,NVDA,141.97,145.0,141.85,145.0,162364991
2025-06-13,NVDA,142.48,143.58,140.855,141.97,180820565
2025-06-16,NVDA,143.345,146.175,143.2001,144.69,183133666
2025-06-17,NVDA,144.49,145.22,143.78,144.12,139108000
2025-06-18,NVDA,144.005,145.65,143.12,145.48,161494121
2025-06-20,NVDA,145.45,146.2,142.65,143.85,242956157
2025-06-23,NVDA,142.5,144.78,142.03,144.17,154308941
2025-06-24,NVDA,145.56,147.96,145.5,147.9,187566121
2025-06-25,NVDA,149.27,154.45,149.26,154.31,269146471
2025-06-26,NVDA,155.975,156.715,154.0,155.02,198145746
2025-06-27,NVDA,156.04,158.71,155.255,157.75,263234539
2025-06-30,NVDA,158.4,158.66,155.96,157.99,194580316
2025-07-01,NVDA,156.29,157.2,151.49,153.3,213143621
2025-07-02,NVDA,152.98,157.6,152.97,157.25,171224111
2025-07-03,NVDA,158.37,160.98,157.77,159.34,143716055
2025-07-07,NVDA,158.2,159.31,157.342,158.24,140138975
2025-07-08,NVDA,159.33,160.22,158.39,160.0,138133025
2025-07-09,NVDA,161.22,164.42,161.16,162.88,183656443
2025-07-10,NVDA,164.32,164.5,161.61,164.1,167704075
2025-07-11,NVDA,163.715,167.89,163.47,164.92,193633263
2025-07-14,NVDA,165.37,165.49,162.02,164.07,136975754
2025-07-15,NVDA,171.19,172.4,169.195,170.7,230627350
2025-07-16,NVDA,171.06,171.75,168.9,171.37,158831509
2025-07-17,NVDA,172.02,174.16,170.83,173.0,160841119
2025-07-18,NVDA,173.64,174.25,171.26,172.41,146456416
2025-07-21,NVDA,172.75,173.38,171.0,171.38,123126136
2025-07-22,NVDA,171.34,171.39,164.58,167.03,193114327
2025-07-23,NVDA,169.53,171.26,167.97,170.78,154082197
2025-07-24,NVDA,172.44,173.83,171.3,173.74,128984628
2025-07-25,NVDA,173.61,174.72,172.96,173.5,122316792
2025-07-28,NVDA,174.02,177.0,173.97,176.75,140023521
2025-07-29,NVDA,177.96,179.38,175.02,175.51,154077512
2025-07-30,NVDA,176.51,179.89,176.04,179.27,174312208
2025-07-31,NVDA,182.9,183.3,175.93,177.87,221685446
2025-08-01,NVDA,174.09,176.54,170.89,173.72,204528985
2025-08-04,NVDA,175.16,180.2,174.52,180.0,148174609
2025-08-05,NVDA,179.62,180.26,175.9,178.26,156407621
2025-08-06,NVDA,176.325,179.9,176.25,179.42,137192265
2025-08-07,NVDA,181.57,183.88,178.795,180.77,151878365
2025-08-08,NVDA,181.55,183.3,180.4,182.7,123396679
2025-08-11,NVDA,182.05,183.84,180.25,182.06,138323191
2025-08-12,NVDA,182.96,184.48,179.46,183.16,145729202
2025-08-13,NVDA,182.615,183.97,179.35,181.59,179871724
2025-08-14,NVDA,179.75,183.02,179.46,182.02,129553959
2025-08-15,NVDA,181.88,181.9,178.0417,180.45,156602161
2025-08-18,NVDA,180.6,182.9375,180.59,182.01,132007959
2025-08-19,NVDA,182.43,182.5,175.49,175.64,185229219
2025-08-20,NVDA,175.165,176.0,168.801,175.4,215142725
2025-08-21,NVDA,174.85,176.9,173.81,174.98,140040850
2025-08-22,NVDA,172.61,178.59,171.2,177.99,172789427
2025-08-25,NVDA,178.35,181.91,176.57,179.81,163012789
2025-08-26,NVDA,180.055,182.39,178.81,181.77,168688186
2025-08-27,NVDA,181.98,182.49,179.1,181.6,235518949
2025-08-28,NVDA,180.82,184.47,176.41,180.17,281787824
2025-08-29,NVDA,178.11,178.15,173.145,174.18,243257873
2025-09-02,NVDA,170.0,172.379,167.22,170.78,231164853
2025-09-03,NVDA,171.06,172.41,168.875,170.62,164424873
2025-09-04,NVDA,170.57,171.86,169.41,171.66,141670144
2025-09-05,NVDA,168.03,169.03,164.07,167.02,224441435
2025-09-08,NVDA,167.55,170.96,167.35,168.33,164529668
2025-09-09,NVDA,169.09,170.98,166.7401,170.76,157548392
2025-09-10,NVDA,176.64,179.29,175.47,177.33,226852020
2025-09-11,NVDA,179.68,180.28,176.48,177.17,151159274
2025-09-12,NVDA,177.77,178.595,176.45,177.82,124911026
2025-09-15,NVDA,175.67,178.85,174.51,177.75,147061559
2025-09-16,NVDA,177.0,177.5,174.38,174.88,140737775
2025-09-17,NVDA,172.64,173.2,168.41,170.29,211843817
2025-09-18,NVDA,173.98,177.1,172.96,176.24,191763313
2025-09-19,NVDA,175.77,178.08,175.18,176.67,237182143
2025-09-22,NVDA,175.3,184.55,174.7053,183.61,269637001
2025-09-23,NVDA,181.97,182.42,176.21,178.43,192559552
2025-09-24,NVDA,179.77,179.78,175.4,176.97,143564116
2025-09-25,NVDA,174.48,180.26,173.125,177.69,191586733
2025-09-26,NVDA,178.17,179.77,174.93,178.19,148573732
2025-09-29,NVDA,180.425,184.0,180.32,181.85,193063455
2025-09-30,NVDA,182.08,187.35,181.48,186.58,236981032
2025-10-01,NVDA,185.24,188.14,183.9,187.24,173844901
2025-10-02,NVDA,189.6,191.05,188.06,188.89,136805821
2025-10-03,NVDA,189.19,190.36,185.38,187.62,137596896
2025-10-06,NVDA,185.5,187.23,183.33,185.54,157678104
2025-10-07,NVDA,186.23,189.06,184.0,185.04,140088008
2025-10-08,NVDA,186.57,189.6,186.54,189.11,130168861
2025-10-09,NVDA,192.225,195.3,191.06,192.57,182997234
2025-10-10,NVDA,193.505,195.62,182.05,183.16,268774359
2025-10-13,NVDA,187.965,190.1099,185.96,188.32,153482755
2025-10-14,NVDA,184.77,184.8,179.7,180.03,205641380
2025-10-15,NVDA,184.8,184.87,177.29,179.83,214450482
2025-10-16,NVDA,182.23,183.28,179.77,181.81,179723309
2025-10-17,NVDA,180.18,184.1,179.75,183.22,173135217
2025-10-20,NVDA,183.13,185.2,181.73,182.64,128544711
2025-10-21,NVDA,182.785,182.785,179.8,181.16,124240168
2025-10-22,NVDA,181.14,183.44,176.76,180.28,162249552
2025-10-23,NVDA,180.42,183.03,179.7901,182.16,111363718
2025-10-24,NVDA,183.835,187.47,183.5,186.26,131296677
2025-10-27,NVDA,189.99,192.0,188.4318,191.49,153452704
2025-10-28,NVDA,193.05,203.15,191.91,201.03,297986180
2025-10-29,NVDA,207.98,212.1899,204.775,207.04,308829564
2025-10-30,NVDA,205.15,206.16,201.41,202.89,178864443
2025-10-31,NVDA,206.45,207.97,202.07,202.49,179802178
2025-11-03,NVDA,208.08,211.335,205.56,206.88,180267285
2025-11-04,NVDA,203.0,203.9699,197.93,198.69,188919320
2025-11-05,NVDA,198.77,202.92,194.65,195.21,171350332
2025-11-06,NVDA,196.42,197.62,186.38,188.08,223029778
2025-11-07,NVDA,184.9,188.32,178.91,188.15,264942255
2025-11-10,NVDA,195.11,199.94,193.79,199.05,198897134
2025-11-11,NVDA,195.155,195.42,191.3,193.16,176483327
2025-11-12,NVDA,195.72,195.89,191.13,193.8,154935263
2025-11-13,NVDA,191.05,191.44,185.35,185.62,81038460
2025-02-26,SPY,595.93,599.58,591.8556,594.54,43321578
2025-02-27,SPY,596.85,598.02,584.65,585.05,74196664
2025-02-28,SPY,585.56,594.72,582.44,594.18,88744106
2025-03-03,SPY,596.18,597.34,579.9,583.77,74249199
2025-03-04,SPY,579.71,585.39,572.25,576.86,109648212
2025-03-05,SPY,576.69,584.88,573.0795,583.06,71230528
2025-03-06,SPY,575.48,580.1736,570.12,572.71,80094868
2025-03-07,SPY,570.9,577.39,565.63,575.92,81158816
2025-03-10,SPY,567.59,569.54,555.59,560.58,99326624
2025-03-11,SPY,559.4,564.02,552.02,555.92,88102109
2025-03-12,SPY,562.17,563.11,553.69,558.87,69588167
2025-03-13,SPY,558.49,559.105,549.68,551.42,74079414
2025-03-14,SPY,556.11,563.83,551.4917,562.81,62660321
2025-03-17,SPY,562.79,569.71,562.35,567.15,49008709
2025-03-18,SPY,564.8,565.02,559.06,561.02,66041422
2025-03-19,SPY,562.83,570.95,561.63,567.13,66555985
2025-03-20,SPY,563.33,570.57,562.6012,565.49,62958195
2025-03-21,SPY,559.28,564.89,558.03,563.98,83762964
2025-03-24,SPY,570.8,575.15,570.2,574.08,58766795
2025-03-25,SPY,575.3,576.41,573.69,575.46,38355735
2025-03-26,SPY,575.19,576.33,567.19,568.59,52228898
2025-03-27,SPY,567.18,570.9,564.94,567.08,42164248
2025-03-28,SPY,565.53,566.2675,555.07,555.66,71662653
2025-03-31,SPY,549.83,560.7112,546.87,559.39,95328213
2025-04-01,SPY,557.45,562.94,553.68,560.97,54609641
2025-04-02,SPY,555.05,567.42,554.81,564.52,76014544
2025-04-03,SPY,545.11,547.97,536.7,536.7,125985998
2025-04-04,SPY,523.67,525.87,505.06,505.28,217965131
2025-04-07,SPY,489.19,523.17,481.8,504.38,256611355
2025-04-08,SPY,521.86,524.98,489.16,496.48,165816581
2025-04-09,SPY,493.44,548.62,493.05,548.62,241867317
2025-04-10,SPY,532.17,533.495,509.32,524.58,162331225
2025-04-11,SPY,523.01,536.43,520.07,533.94,97866334
2025-04-14,SPY,544.05,544.28,533.86,539.12,68033993
2025-04-15,SPY,539.675,543.23,536.81,537.61,56892874
2025-04-16,SPY,531.68,537.8854,520.29,525.66,83484814
2025-04-17,SPY,527.64,531.165,523.91,526.41,79868083
2025-04-21,SPY,521.16,521.7,508.46,513.88,69368129
2025-04-22,SPY,520.14,529.305,519.1925,527.25,75948117
2025-04-23,SPY,540.43,545.43,533.88,535.42,90590658
2025-04-24,SPY,536.715,547.43,535.4504,546.69,64150418
2025-04-25,SPY,546.65,551.05,543.69,550.64,61119590
2025-04-28,SPY,551.39,553.55,545.02,550.85,47613755
2025-04-29,SPY,548.91,555.45,548.55,554.32,47775121
2025-04-30,SPY,547.57,556.52,541.52,554.54,93101463
2025-05-01,SPY,560.37,564.0699,557.86,558.47,63186146
2025-05-02,SPY,564.73,568.38,562.38,566.76,60717270
2025-05-05,SPY,562.57,566.65,561.7,563.51,38659222
2025-05-06,SPY,557.93,563.3476,556.96,558.8,48264708
2025-05-07,SPY,560.15,563.82,556.04,561.15,55733229
2025-05-08,SPY,565.24,570.31,561.7,565.06,65130787
2025-05-09,SPY,566.48,567.5,562.7637,564.34,37603427
2025-05-12,SPY,581.47,583.0,577.04,582.99,78993570
2025-05-13,SPY,583.41,589.08,582.84,586.84,67947225
2025-05-14,SPY,587.81,588.98,585.535,587.59,66283531
2025-05-15,SPY,585.56,590.97,585.0969,590.46,71268145
2025-05-16,SPY,591.25,594.5,589.28,594.2,76052101
2025-05-19,SPY,588.1,595.54,588.1,594.85,68168509
2025-05-20,SPY,593.09,594.05,589.6,592.85,60614492
2025-05-21,SPY,588.44,592.58,581.82,582.86,95197657
2025-05-22,SPY,582.66,586.62,581.405,583.09,70860417
2025-05-23,SPY,575.98,581.8101,575.6,579.11,76029046
2025-05-27,SPY,586.07,591.31,578.43,591.15,72588475
2025-05-28,SPY,591.56,592.7688,586.985,587.73,68445512
2025-05-29,SPY,593.06,593.2,586.07,590.05,70073758
2025-05-30,SPY,588.93,591.1299,583.235,589.39,90601242
2025-06-02,SPY,587.76,592.79,585.06,592.71,61630502
2025-06-03,SPY,592.34,597.08,591.85,596.09,63606204
2025-06-04,SPY,596.96,597.95,595.49,595.93,57314199
2025-06-05,SPY,597.63,599.0,591.05,593.05,92436397
2025-06-06,SPY,598.66,600.83,596.86,599.14,66588743
2025-06-09,SPY,599.72,601.25,598.49,599.68,53016418
2025-06-10,SPY,600.22,603.47,599.09,603.08,66246973
2025-06-11,SPY,604.19,605.06,599.27,601.36,73658225
2025-06-12,SPY,600.01,603.75,599.52,603.75,64129003
2025-06-13,SPY,598.5,601.85,595.48,597.0,89505996
2025-06-16,SPY,600.4,604.45,600.22,602.68,79984125
2025-06-17,SPY,600.21,601.75,596.76,597.53,82209365
2025-06-18,SPY,598.44,601.22,596.47,597.44,76605029
2025-06-20,SPY,598.38,599.46,592.86,594.28,94051374
2025-06-23,SPY,595.04,600.54,591.89,600.15,87426039
2025-06-24,SPY,604.33,607.8499,603.41,606.78,67735293
2025-06-25,SPY,607.91,608.61,605.54,607.12,62114767
2025-06-26,SPY,608.99,612.31,608.37,611.87,78548361
2025-06-27,SPY,612.88,616.39,610.83,614.91,86258398
2025-06-30,SPY,617.38,619.22,615.04,617.85,92502541
2025-07-01,SPY,616.36,618.83,615.52,617.65,70030140
2025-07-02,SPY,617.24,620.49,616.61,620.45,66510374
2025-07-03,SPY,622.45,626.28,622.43,625.34,51065789
2025-07-07,SPY,623.36,624.03,617.87,620.68,74814505
2025-07-08,SPY,621.35,622.11,619.52,620.34,59024585
2025-07-09,SPY,622.77,624.72,620.9105,624.06,66113326
2025-07-10,SPY,624.2,626.8701,623.01,625.82,57528960
2025-07-11,SPY,622.74,624.86,621.53,623.62,63670226
2025-07-14,SPY,623.16,625.1581,621.7999,624.81,51898518
2025-07-15,SPY,627.52,627.86,622.06,622.14,74317260
2025-07-16,SPY,623.74,624.73,618.05,624.22,88987511
2025-07-17,SPY,624.4,628.4048,624.18,628.04,68885683
2025-07-18,SPY,629.3,629.47,626.46,627.58,65621645
2025-07-21,SPY,628.77,631.54,628.34,628.77,63374984
2025-07-22,SPY,629.1,629.73,626.19,628.86,60046288
2025-07-23,SPY,631.55,634.21,629.73,634.21,70511036
2025-07-24,SPY,634.6,636.15,633.99,634.42,71307134
2025-07-25,SPY,635.09,637.5799,634.84,637.1,56865364
2025-07-28,SPY,637.48,638.04,635.54,636.94,54917102
2025-07-29,SPY,638.35,638.67,634.335,635.26,60556278
2025-07-30,SPY,635.92,637.68,631.54,634.46,80418851
2025-07-31,SPY,639.455,639.85,630.765,632.08,103385246
2025-08-01,SPY,626.3,626.34,619.29,621.72,140103572
2025-08-04,SPY,625.67,631.215,625.58,631.17,73218015
2025-08-05,SPY,631.79,632.6052,627.04,627.97,68051401
2025-08-06,SPY,629.05,633.44,628.13,632.78,64357525
2025-08-07,SPY,636.24,636.98,629.11,632.25,74205791
2025-08-08,SPY,634.06,637.645,633.74,637.18,64051626
2025-08-11,SPY,637.46,638.95,634.66,635.92,58742300
2025-08-12,SPY,638.29,642.85,636.79,642.69,64821798
2025-08-13,SPY,644.91,646.19,642.68,644.89,60092790
2025-08-14,SPY,642.79,645.62,642.34,644.95,59327466
2025-08-15,SPY,645.99,646.09,642.5153,643.44,68592507
2025-08-18,SPY,642.86,644.0,642.18,643.3,43804914
2025-08-19,SPY,643.12,644.105,638.48,639.81,69750731
2025-08-20,SPY,639.4,639.66,632.95,638.11,88890298
2025-08-21,SPY,636.28,637.97,633.81,635.55,54805775
2025-08-22,SPY,637.76,646.5,637.25,645.31,84083214
2025-08-25,SPY,644.04,645.29,642.35,642.47,51274332
2025-08-26,SPY,642.2,645.51,641.57,645.16,51581565
2025-08-27,SPY,644.57,647.37,644.42,646.63,48341069
2025-08-28,SPY,647.24,649.48,645.34,648.92,61519461
2025-08-29,SPY,647.47,647.84,643.14,645.05,74522192
2025-09-02,SPY,637.5,640.49,634.92,640.27,81983545
2025-09-03,SPY,642.67,644.21,640.46,643.74,70820898
2025-09-04,SPY,644.42,649.15,643.51,649.12,65219228
2025-09-05,SPY,651.48,652.21,643.33,647.24,85178935
2025-09-08,SPY,648.62,649.84,647.23,648.78,63189560
2025-09-09,SPY,648.97,650.86,647.22,650.33,66133856
2025-09-10,SPY,653.62,654.55,650.63,652.21,78034529
2025-09-11,SPY,654.18,658.33,653.59,657.63,69934360
2025-09-12,SPY,657.6,659.11,656.9,657.41,72780135
2025-09-15,SPY,659.64,661.04,659.34,660.91,63772412
2025-09-16,SPY,661.47,661.78,659.21,660.0,61168953
2025-09-17,SPY,660.01,661.72,654.3,659.18,101952244
2025-09-18,SPY,661.89,664.89,660.27,662.26,90459242
2025-09-19,SPY,662.33,664.55,660.37,663.7,97945620
2025-09-22,SPY,662.2,667.29,662.17,666.84,69452201
2025-09-23,SPY,666.72,667.34,661.98,663.21,81708872
2025-09-24,SPY,664.51,664.61,659.67,661.1,68082229
2025-09-25,SPY,657.94,659.4056,654.405,658.05,89622067
2025-09-26,SPY,659.51,662.37,657.88,661.82,69179209
2025-09-29,SPY,664.36,665.28,661.86,663.68,73499015
2025-09-30,SPY,662.93,666.65,661.61,666.18,86288028
2025-10-01,SPY,663.17,669.37,663.06,668.45,72545369
2025-10-02,SPY,670.45,670.565,666.78,669.22,56895993
2025-10-03,SPY,669.99,672.675,668.16,669.21,70494350
2025-10-06,SPY,671.62,672.51,669.455,671.61,54623260
2025-10-07,SPY,672.54,672.99,667.67,669.12,72020067
2025-10-08,SPY,670.25,673.2056,669.42,673.11,60702241
2025-10-09,SPY,673.53,673.94,669.21,671.16,66501941
2025-10-10,SPY,672.13,673.95,652.84,653.02,159422589
2025-10-13,SPY,660.65,665.13,659.7679,663.04,79560517
2025-10-14,SPY,657.17,665.83,653.17,662.23,88779560
2025-10-15,SPY,666.82,670.23,658.93,665.17,81702555
2025-10-16,SPY,666.82,668.71,657.11,660.64,110563346
2025-10-17,SPY,659.5,665.755,658.14,664.39,96500870
2025-10-20,SPY,667.32,672.21,667.27,671.3,60493350
2025-10-21,SPY,671.44,672.99,669.981,671.29,56249034
2025-10-22,SPY,672.0,672.0,663.3,667.8,80564006
2025-10-23,SPY,668.12,672.7101,667.8,671.76,65604461
2025-10-24,SPY,676.46,678.47,675.65,677.25,74356527
2025-10-27,SPY,682.73,685.54,682.115,685.24,63339790
2025-10-28,SPY,687.05,688.905,684.83,687.06,61738073
2025-10-29,SPY,688.72,689.7,682.87,687.39,85362207
2025-10-30,SPY,683.9,685.94,679.83,679.83,76335751
2025-10-31,SPY,685.04,685.08,679.24,682.06,87164122
2025-11-03,SPY,685.67,685.8,679.94,683.34,57315025
2025-11-04,SPY,676.11,679.96,674.58,675.24,78426969
2025-11-05,SPY,674.98,680.86,674.17,677.58,74402376
2025-11-06,SPY,676.47,677.38,668.72,670.31,85035298
2025-11-07,SPY,667.91,671.08,661.205,670.97,100592443
2025-11-10,SPY,677.235,682.18,675.03,681.44,75842888
2025-11-11,SPY,679.95,683.57,678.73,683.0,58953385
2025-11-12,SPY,684.79,684.96,680.945,683.38,62312484
2025-11-13,SPY,680.5,680.86,673.97,674.3,37119783
